[
  {
    "page_title": "NDIS Cleaning Services in Melbourne | Crystal Maids",
    "hyper_text": "Home",
    "link": "https://crystalmaids.com.au/"
  },
  {
    "page_title": "NDIS Cleaning Services in Melbourne | Crystal Maids",
    "hyper_text": "About Us",
    "link": "https://crystalmaids.com.au/about-us/"
  },
  {
    "page_title": "NDIS Cleaning Services in Melbourne | Crystal Maids",
    "hyper_text": "Services",
    "link": "https://crystalmaids.com.au/our-services/"
  },
  {
    "page_title": "NDIS Cleaning Services in Melbourne | Crystal Maids",
    "hyper_text": "House Cleaning",
    "link": "https://crystalmaids.com.au/our-services/house-cleaning/"
  },
  {
    "page_title": "NDIS Cleaning Services in Melbourne | Crystal Maids",
    "hyper_text": "NDIS House Cleaning",
    "link": "https://crystalmaids.com.au/our-services/ndis-house-cleaning/"
  },
  {
    "page_title": "NDIS Cleaning Services in Melbourne | Crystal Maids",
    "hyper_text": "Deep Cleaning",
    "link": "https://crystalmaids.com.au/our-services/deep-cleaning/"
  },
  {
    "page_title": "NDIS Cleaning Services in Melbourne | Crystal Maids",
    "hyper_text": "End Of Lease Cleaning",
    "link": "https://crystalmaids.com.au/our-services/end-of-lease-cleaning/"
  },
  {
    "page_title": "NDIS Cleaning Services in Melbourne | Crystal Maids",
    "hyper_text": "Apartment Cleaning",
    "link": "https://crystalmaids.com.au/our-services/apartment-cleaning/"
  },
  {
    "page_title": "NDIS Cleaning Services in Melbourne | Crystal Maids",
    "hyper_text": "Disinfectant Cleaning",
    "link": "https://crystalmaids.com.au/our-services/disinfectant-cleaning/"
  },
  {
    "page_title": "NDIS Cleaning Services in Melbourne | Crystal Maids",
    "hyper_text": "House Window Cleaning",
    "link": "https://crystalmaids.com.au/our-services/house-window-cleaning/"
  },
  {
    "page_title": "NDIS Cleaning Services in Melbourne | Crystal Maids",
    "hyper_text": "Oven Cleaning",
    "link": "https://crystalmaids.com.au/our-services/oven-cleaning/"
  },
  {
    "page_title": "NDIS Cleaning Services in Melbourne | Crystal Maids",
    "hyper_text": "Pricing",
    "link": "https://crystalmaids.com.au/pricing/"
  },
  {
    "page_title": "NDIS Cleaning Services in Melbourne | Crystal Maids",
    "hyper_text": "Checklist",
    "link": "https://crystalmaids.com.au/checklist/"
  },
  {
    "page_title": "NDIS Cleaning Services in Melbourne | Crystal Maids",
    "hyper_text": "Location",
    "link": "https://crystalmaids.com.au/location/"
  },
  {
    "page_title": "NDIS Cleaning Services in Melbourne | Crystal Maids",
    "hyper_text": "Careers",
    "link": "https://crystalmaids.com.au/career/"
  },
  {
    "page_title": "NDIS Cleaning Services in Melbourne | Crystal Maids",
    "hyper_text": "Help",
    "link": "https://crystalmaids.com.au/help/"
  },
  {
    "page_title": "NDIS Cleaning Services in Melbourne | Crystal Maids",
    "hyper_text": "03 8592 6690",
    "link": "tel:0385926690"
  },
  {
    "page_title": "NDIS Cleaning Services in Melbourne | Crystal Maids",
    "hyper_text": "Book Now",
    "link": "https://crystalmaids.com.au/booking-page/"
  },
  {
    "page_title": "NDIS Cleaning Services in Melbourne | Crystal Maids",
    "hyper_text": "Quote Now",
    "link": "https://crystalmaids.com.au/ndis-booking/"
  },
  {
    "page_title": "NDIS Cleaning Services in Melbourne | Crystal Maids",
    "hyper_text": "NDIS house cleaning services",
    "link": "http://crystalmaids.com.au/our-services/"
  },
  {
    "page_title": "NDIS Cleaning Services in Melbourne | Crystal Maids",
    "hyper_text": "self-managed",
    "link": "https://www.ndis.gov.au/participants/creating-your-plan/ways-manage-your-funding/self-managed#:~:text=Self%2Dmanagement%20is%20when%20you,visit%20our%20Self%2Dmanagement%20page."
  },
  {
    "page_title": "NDIS Cleaning Services in Melbourne | Crystal Maids",
    "hyper_text": "plan managed",
    "link": "https://www.ndis.gov.au/participants/creating-your-plan/ways-manage-your-funding/plan-managed-funding"
  },
  {
    "page_title": "NDIS Cleaning Services in Melbourne | Crystal Maids",
    "hyper_text": "disinfectant cleaning",
    "link": "http://crystalmaids.com.au/our-services/disinfectant-cleaning/"
  },
  {
    "page_title": "NDIS Cleaning Services in Melbourne | Crystal Maids",
    "hyper_text": "deep cleaning",
    "link": "http://crystalmaids.com.au/our-services/deep-cleaning/"
  },
  {
    "page_title": "NDIS Cleaning Services in Melbourne | Crystal Maids",
    "hyper_text": "end-of-lease clean",
    "link": "http://crystalmaids.com.au/our-services/end-of-lease-cleaning/"
  },
  {
    "page_title": "NDIS Cleaning Services in Melbourne | Crystal Maids",
    "hyper_text": "Book Now",
    "link": "https://crystalmaids.com.au/ndis-booking/"
  },
  {
    "page_title": "NDIS Cleaning Services in Melbourne | Crystal Maids",
    "hyper_text": "Book our NDIS cleaning services",
    "link": "https://crystalmaids.com.au/booking-page/"
  },
  {
    "page_title": "NDIS Cleaning Services in Melbourne | Crystal Maids",
    "hyper_text": "caring Melbourne team",
    "link": "https://crystalmaids.com.au/location/"
  },
  {
    "page_title": "NDIS Cleaning Services in Melbourne | Crystal Maids",
    "hyper_text": "General Service",
    "link": "https://crystalmaids.com.au/our-services/ndis-house-cleaning/#tab-1"
  },
  {
    "page_title": "NDIS Cleaning Services in Melbourne | Crystal Maids",
    "hyper_text": "Deep Clean",
    "link": "https://crystalmaids.com.au/our-services/ndis-house-cleaning/#tab-2"
  },
  {
    "page_title": "NDIS Cleaning Services in Melbourne | Crystal Maids",
    "hyper_text": "Move In / Move Out",
    "link": "https://crystalmaids.com.au/our-services/ndis-house-cleaning/#tab-3"
  },
  {
    "page_title": "NDIS Cleaning Services in Melbourne | Crystal Maids",
    "hyper_text": "Book Now",
    "link": "https://crystalmaids.com.au/booking-page/"
  },
  {
    "page_title": "NDIS Cleaning Services in Melbourne | Crystal Maids",
    "hyper_text": "NDIS cleaning rates",
    "link": "https://crystalmaids.com.au/pricing/"
  },
  {
    "page_title": "NDIS Cleaning Services in Melbourne | Crystal Maids",
    "hyper_text": "03 8592 6690",
    "link": "tel:0385926690"
  },
  {
    "page_title": "NDIS Cleaning Services in Melbourne | Crystal Maids",
    "hyper_text": "support@crystalmaids.com.au",
    "link": "mailto:support@crystalmaids.com.au"
  },
  {
    "page_title": "NDIS Cleaning Services in Melbourne | Crystal Maids",
    "hyper_text": "Home",
    "link": "https://crystalmaids.com.au/"
  },
  {
    "page_title": "NDIS Cleaning Services in Melbourne | Crystal Maids",
    "hyper_text": "About Us",
    "link": "https://crystalmaids.com.au/about-us/"
  },
  {
    "page_title": "NDIS Cleaning Services in Melbourne | Crystal Maids",
    "hyper_text": "Services",
    "link": "https://crystalmaids.com.au/our-services/"
  },
  {
    "page_title": "NDIS Cleaning Services in Melbourne | Crystal Maids",
    "hyper_text": "Blog",
    "link": "https://crystalmaids.com.au/blog/"
  },
  {
    "page_title": "NDIS Cleaning Services in Melbourne | Crystal Maids",
    "hyper_text": "Pricing",
    "link": "https://crystalmaids.com.au/pricing/"
  },
  {
    "page_title": "NDIS Cleaning Services in Melbourne | Crystal Maids",
    "hyper_text": "Checklist",
    "link": "https://crystalmaids.com.au/checklist/"
  },
  {
    "page_title": "NDIS Cleaning Services in Melbourne | Crystal Maids",
    "hyper_text": "Location",
    "link": "https://crystalmaids.com.au/location/"
  },
  {
    "page_title": "NDIS Cleaning Services in Melbourne | Crystal Maids",
    "hyper_text": "Help",
    "link": "https://crystalmaids.com.au/help/"
  },
  {
    "page_title": "NDIS Cleaning Services in Melbourne | Crystal Maids",
    "hyper_text": "House Cleaning",
    "link": "https://crystalmaids.com.au/our-services/house-cleaning/"
  },
  {
    "page_title": "NDIS Cleaning Services in Melbourne | Crystal Maids",
    "hyper_text": "Deep Cleaning",
    "link": "https://crystalmaids.com.au/our-services/deep-cleaning/"
  },
  {
    "page_title": "NDIS Cleaning Services in Melbourne | Crystal Maids",
    "hyper_text": "End Of Lease Cleaning",
    "link": "https://crystalmaids.com.au/our-services/end-of-lease-cleaning/"
  },
  {
    "page_title": "NDIS Cleaning Services in Melbourne | Crystal Maids",
    "hyper_text": "Apartment Cleaning",
    "link": "https://crystalmaids.com.au/our-services/apartment-cleaning/"
  },
  {
    "page_title": "NDIS Cleaning Services in Melbourne | Crystal Maids",
    "hyper_text": "Disinfectant Cleaning",
    "link": "https://crystalmaids.com.au/our-services/disinfectant-cleaning/"
  },
  {
    "page_title": "NDIS Cleaning Services in Melbourne | Crystal Maids",
    "hyper_text": "NDIS House Cleaning",
    "link": "https://crystalmaids.com.au/our-services/ndis-house-cleaning/"
  },
  {
    "page_title": "NDIS Cleaning Services in Melbourne | Crystal Maids",
    "hyper_text": "House Window Cleaning",
    "link": "https://crystalmaids.com.au/our-services/house-window-cleaning/"
  },
  {
    "page_title": "NDIS Cleaning Services in Melbourne | Crystal Maids",
    "hyper_text": "Oven Cleaning",
    "link": "https://crystalmaids.com.au/our-services/oven-cleaning/"
  },
  {
    "page_title": "NDIS Cleaning Services in Melbourne | Crystal Maids",
    "hyper_text": "Book Now",
    "link": "https://crystalmaids.com.au/booking-page/"
  },
  {
    "page_title": "NDIS Cleaning Services in Melbourne | Crystal Maids",
    "hyper_text": "Login",
    "link": "https://crystalmaids.launch27.com/login"
  },
  {
    "page_title": "NDIS Cleaning Services in Melbourne | Crystal Maids",
    "hyper_text": "Terms and Conditions",
    "link": "https://crystalmaids.com.au/terms-and-conditions/"
  },
  {
    "page_title": "NDIS Cleaning Services in Melbourne | Crystal Maids",
    "hyper_text": "Privacy Policy",
    "link": "https://crystalmaids.com.au/privacy-policy/"
  },
  {
    "page_title": "NDIS Cleaning Services in Melbourne | Crystal Maids",
    "hyper_text": "CrystalMaids",
    "link": "https://crystalmaids.com.au/"
  }
]