[
  {
    "page_title": "House Cleaning Quotes | House Cleaning Prices Melbourne | Crystal Maids",
    "hyper_text": "Home",
    "link": "https://crystalmaids.com.au/"
  },
  {
    "page_title": "House Cleaning Quotes | House Cleaning Prices Melbourne | Crystal Maids",
    "hyper_text": "About Us",
    "link": "https://crystalmaids.com.au/about-us/"
  },
  {
    "page_title": "House Cleaning Quotes | House Cleaning Prices Melbourne | Crystal Maids",
    "hyper_text": "Services",
    "link": "https://crystalmaids.com.au/our-services/"
  },
  {
    "page_title": "House Cleaning Quotes | House Cleaning Prices Melbourne | Crystal Maids",
    "hyper_text": "House Cleaning",
    "link": "https://crystalmaids.com.au/our-services/house-cleaning/"
  },
  {
    "page_title": "House Cleaning Quotes | House Cleaning Prices Melbourne | Crystal Maids",
    "hyper_text": "NDIS House Cleaning",
    "link": "https://crystalmaids.com.au/our-services/ndis-house-cleaning/"
  },
  {
    "page_title": "House Cleaning Quotes | House Cleaning Prices Melbourne | Crystal Maids",
    "hyper_text": "Deep Cleaning",
    "link": "https://crystalmaids.com.au/our-services/deep-cleaning/"
  },
  {
    "page_title": "House Cleaning Quotes | House Cleaning Prices Melbourne | Crystal Maids",
    "hyper_text": "End Of Lease Cleaning",
    "link": "https://crystalmaids.com.au/our-services/end-of-lease-cleaning/"
  },
  {
    "page_title": "House Cleaning Quotes | House Cleaning Prices Melbourne | Crystal Maids",
    "hyper_text": "Apartment Cleaning",
    "link": "https://crystalmaids.com.au/our-services/apartment-cleaning/"
  },
  {
    "page_title": "House Cleaning Quotes | House Cleaning Prices Melbourne | Crystal Maids",
    "hyper_text": "Disinfectant Cleaning",
    "link": "https://crystalmaids.com.au/our-services/disinfectant-cleaning/"
  },
  {
    "page_title": "House Cleaning Quotes | House Cleaning Prices Melbourne | Crystal Maids",
    "hyper_text": "House Window Cleaning",
    "link": "https://crystalmaids.com.au/our-services/house-window-cleaning/"
  },
  {
    "page_title": "House Cleaning Quotes | House Cleaning Prices Melbourne | Crystal Maids",
    "hyper_text": "Oven Cleaning",
    "link": "https://crystalmaids.com.au/our-services/oven-cleaning/"
  },
  {
    "page_title": "House Cleaning Quotes | House Cleaning Prices Melbourne | Crystal Maids",
    "hyper_text": "Pricing",
    "link": "https://crystalmaids.com.au/pricing/"
  },
  {
    "page_title": "House Cleaning Quotes | House Cleaning Prices Melbourne | Crystal Maids",
    "hyper_text": "Checklist",
    "link": "https://crystalmaids.com.au/checklist/"
  },
  {
    "page_title": "House Cleaning Quotes | House Cleaning Prices Melbourne | Crystal Maids",
    "hyper_text": "Location",
    "link": "https://crystalmaids.com.au/location/"
  },
  {
    "page_title": "House Cleaning Quotes | House Cleaning Prices Melbourne | Crystal Maids",
    "hyper_text": "Careers",
    "link": "https://crystalmaids.com.au/career/"
  },
  {
    "page_title": "House Cleaning Quotes | House Cleaning Prices Melbourne | Crystal Maids",
    "hyper_text": "Help",
    "link": "https://crystalmaids.com.au/help/"
  },
  {
    "page_title": "House Cleaning Quotes | House Cleaning Prices Melbourne | Crystal Maids",
    "hyper_text": "03 8592 6690",
    "link": "tel:0385926690"
  },
  {
    "page_title": "House Cleaning Quotes | House Cleaning Prices Melbourne | Crystal Maids",
    "hyper_text": "Book Now",
    "link": "https://crystalmaids.com.au/booking-page/"
  },
  {
    "page_title": "House Cleaning Quotes | House Cleaning Prices Melbourne | Crystal Maids",
    "hyper_text": "Get a Quote",
    "link": "https://crystalmaids.com.au/booking-page/"
  },
  {
    "page_title": "House Cleaning Quotes | House Cleaning Prices Melbourne | Crystal Maids",
    "hyper_text": "Get a Quote",
    "link": "https://crystalmaids.com.au/booking-page/"
  },
  {
    "page_title": "House Cleaning Quotes | House Cleaning Prices Melbourne | Crystal Maids",
    "hyper_text": "Get a Quote",
    "link": "https://crystalmaids.com.au/booking-page/"
  },
  {
    "page_title": "House Cleaning Quotes | House Cleaning Prices Melbourne | Crystal Maids",
    "hyper_text": "Book Now",
    "link": "https://crystalmaids.com.au/booking-page/"
  },
  {
    "page_title": "House Cleaning Quotes | House Cleaning Prices Melbourne | Crystal Maids",
    "hyper_text": "Book Now",
    "link": "https://crystalmaids.com.au/booking-page/"
  },
  {
    "page_title": "House Cleaning Quotes | House Cleaning Prices Melbourne | Crystal Maids",
    "hyper_text": "03 8592 6690",
    "link": "tel:0385926690"
  },
  {
    "page_title": "House Cleaning Quotes | House Cleaning Prices Melbourne | Crystal Maids",
    "hyper_text": "support@crystalmaids.com.au",
    "link": "mailto:support@crystalmaids.com.au"
  },
  {
    "page_title": "House Cleaning Quotes | House Cleaning Prices Melbourne | Crystal Maids",
    "hyper_text": "Home",
    "link": "https://crystalmaids.com.au/"
  },
  {
    "page_title": "House Cleaning Quotes | House Cleaning Prices Melbourne | Crystal Maids",
    "hyper_text": "About Us",
    "link": "https://crystalmaids.com.au/about-us/"
  },
  {
    "page_title": "House Cleaning Quotes | House Cleaning Prices Melbourne | Crystal Maids",
    "hyper_text": "Services",
    "link": "https://crystalmaids.com.au/our-services/"
  },
  {
    "page_title": "House Cleaning Quotes | House Cleaning Prices Melbourne | Crystal Maids",
    "hyper_text": "Blog",
    "link": "https://crystalmaids.com.au/blog/"
  },
  {
    "page_title": "House Cleaning Quotes | House Cleaning Prices Melbourne | Crystal Maids",
    "hyper_text": "Pricing",
    "link": "https://crystalmaids.com.au/pricing/"
  },
  {
    "page_title": "House Cleaning Quotes | House Cleaning Prices Melbourne | Crystal Maids",
    "hyper_text": "Checklist",
    "link": "https://crystalmaids.com.au/checklist/"
  },
  {
    "page_title": "House Cleaning Quotes | House Cleaning Prices Melbourne | Crystal Maids",
    "hyper_text": "Location",
    "link": "https://crystalmaids.com.au/location/"
  },
  {
    "page_title": "House Cleaning Quotes | House Cleaning Prices Melbourne | Crystal Maids",
    "hyper_text": "Help",
    "link": "https://crystalmaids.com.au/help/"
  },
  {
    "page_title": "House Cleaning Quotes | House Cleaning Prices Melbourne | Crystal Maids",
    "hyper_text": "House Cleaning",
    "link": "https://crystalmaids.com.au/our-services/house-cleaning/"
  },
  {
    "page_title": "House Cleaning Quotes | House Cleaning Prices Melbourne | Crystal Maids",
    "hyper_text": "Deep Cleaning",
    "link": "https://crystalmaids.com.au/our-services/deep-cleaning/"
  },
  {
    "page_title": "House Cleaning Quotes | House Cleaning Prices Melbourne | Crystal Maids",
    "hyper_text": "End Of Lease Cleaning",
    "link": "https://crystalmaids.com.au/our-services/end-of-lease-cleaning/"
  },
  {
    "page_title": "House Cleaning Quotes | House Cleaning Prices Melbourne | Crystal Maids",
    "hyper_text": "Apartment Cleaning",
    "link": "https://crystalmaids.com.au/our-services/apartment-cleaning/"
  },
  {
    "page_title": "House Cleaning Quotes | House Cleaning Prices Melbourne | Crystal Maids",
    "hyper_text": "Disinfectant Cleaning",
    "link": "https://crystalmaids.com.au/our-services/disinfectant-cleaning/"
  },
  {
    "page_title": "House Cleaning Quotes | House Cleaning Prices Melbourne | Crystal Maids",
    "hyper_text": "NDIS House Cleaning",
    "link": "https://crystalmaids.com.au/our-services/ndis-house-cleaning/"
  },
  {
    "page_title": "House Cleaning Quotes | House Cleaning Prices Melbourne | Crystal Maids",
    "hyper_text": "House Window Cleaning",
    "link": "https://crystalmaids.com.au/our-services/house-window-cleaning/"
  },
  {
    "page_title": "House Cleaning Quotes | House Cleaning Prices Melbourne | Crystal Maids",
    "hyper_text": "Oven Cleaning",
    "link": "https://crystalmaids.com.au/our-services/oven-cleaning/"
  },
  {
    "page_title": "House Cleaning Quotes | House Cleaning Prices Melbourne | Crystal Maids",
    "hyper_text": "Book Now",
    "link": "https://crystalmaids.com.au/booking-page/"
  },
  {
    "page_title": "House Cleaning Quotes | House Cleaning Prices Melbourne | Crystal Maids",
    "hyper_text": "Login",
    "link": "https://crystalmaids.launch27.com/login"
  },
  {
    "page_title": "House Cleaning Quotes | House Cleaning Prices Melbourne | Crystal Maids",
    "hyper_text": "Terms and Conditions",
    "link": "https://crystalmaids.com.au/terms-and-conditions/"
  },
  {
    "page_title": "House Cleaning Quotes | House Cleaning Prices Melbourne | Crystal Maids",
    "hyper_text": "Privacy Policy",
    "link": "https://crystalmaids.com.au/privacy-policy/"
  },
  {
    "page_title": "House Cleaning Quotes | House Cleaning Prices Melbourne | Crystal Maids",
    "hyper_text": "CrystalMaids",
    "link": "https://crystalmaids.com.au/"
  }
]