[
  {
    "text": "Home",
    "href": "https://crystalmaids.com.au/"
  },
  {
    "text": "About Us",
    "href": "https://crystalmaids.com.au/about-us/"
  },
  {
    "text": "Services",
    "href": "https://crystalmaids.com.au/our-services/"
  },
  {
    "text": "House Cleaning",
    "href": "https://crystalmaids.com.au/our-services/house-cleaning/"
  },
  {
    "text": "NDIS House Cleaning",
    "href": "https://crystalmaids.com.au/our-services/ndis-house-cleaning/"
  },
  {
    "text": "Deep Cleaning",
    "href": "https://crystalmaids.com.au/our-services/deep-cleaning/"
  },
  {
    "text": "End Of Lease Cleaning",
    "href": "https://crystalmaids.com.au/our-services/end-of-lease-cleaning/"
  },
  {
    "text": "Apartment Cleaning",
    "href": "https://crystalmaids.com.au/our-services/apartment-cleaning/"
  },
  {
    "text": "Disinfectant Cleaning",
    "href": "https://crystalmaids.com.au/our-services/disinfectant-cleaning/"
  },
  {
    "text": "House Window Cleaning",
    "href": "https://crystalmaids.com.au/our-services/house-window-cleaning/"
  },
  {
    "text": "Oven Cleaning",
    "href": "https://crystalmaids.com.au/our-services/oven-cleaning/"
  },
  {
    "text": "Pricing",
    "href": "https://crystalmaids.com.au/pricing/"
  },
  {
    "text": "Checklist",
    "href": "https://crystalmaids.com.au/checklist/"
  },
  {
    "text": "Location",
    "href": "https://crystalmaids.com.au/location/"
  },
  {
    "text": "Careers",
    "href": "https://crystalmaids.com.au/career/"
  },
  {
    "text": "Help",
    "href": "https://crystalmaids.com.au/help/"
  }
]