[
  {
    "page_title": "Professional Workforce & Staffing Solutions - Lions & Tigers",
    "hyper_text": "Our Story",
    "link": "https://lionsandtigers.com/our-story/"
  },
  {
    "page_title": "Professional Workforce & Staffing Solutions - Lions & Tigers",
    "hyper_text": "Why Now",
    "link": "https://lionsandtigers.com/why-now/"
  },
  {
    "page_title": "Professional Workforce & Staffing Solutions - Lions & Tigers",
    "hyper_text": "Solutions",
    "link": "https://lionsandtigers.com/solutions/"
  },
  {
    "page_title": "Professional Workforce & Staffing Solutions - Lions & Tigers",
    "hyper_text": "Join Our Team",
    "link": "https://lionsandtigers.com/join-our-team/"
  },
  {
    "page_title": "Professional Workforce & Staffing Solutions - Lions & Tigers",
    "hyper_text": "Resources",
    "link": "https://lionsandtigers.com/"
  },
  {
    "page_title": "Professional Workforce & Staffing Solutions - Lions & Tigers",
    "hyper_text": "Hybrid Workplace Playbook",
    "link": "https://lionsandtigers.com/avoiding-the-all-or-nothing-workplace/"
  },
  {
    "page_title": "Professional Workforce & Staffing Solutions - Lions & Tigers",
    "hyper_text": "Blog",
    "link": "https://lionsandtigers.com/blog/"
  },
  {
    "page_title": "Professional Workforce & Staffing Solutions - Lions & Tigers",
    "hyper_text": "Newsletter",
    "link": "https://lionsandtigers.com/newsletter/"
  },
  {
    "page_title": "Professional Workforce & Staffing Solutions - Lions & Tigers",
    "hyper_text": "TALK TO US",
    "link": "https://lionsandtigers.com/talk-to-us/"
  },
  {
    "page_title": "Professional Workforce & Staffing Solutions - Lions & Tigers",
    "hyper_text": "Talk to Us",
    "link": "https://lionsandtigers.com/talk-to-us/"
  },
  {
    "page_title": "Professional Workforce & Staffing Solutions - Lions & Tigers",
    "hyper_text": "Our Story",
    "link": "https://lionsandtigers.com/our-story/"
  },
  {
    "page_title": "Professional Workforce & Staffing Solutions - Lions & Tigers",
    "hyper_text": "Why Now",
    "link": "https://lionsandtigers.com/why-now/"
  },
  {
    "page_title": "Professional Workforce & Staffing Solutions - Lions & Tigers",
    "hyper_text": "Solutions",
    "link": "https://lionsandtigers.com/solutions/"
  },
  {
    "page_title": "Professional Workforce & Staffing Solutions - Lions & Tigers",
    "hyper_text": "Join Our Team",
    "link": "https://lionsandtigers.com/join-our-team/"
  },
  {
    "page_title": "Professional Workforce & Staffing Solutions - Lions & Tigers",
    "hyper_text": "Resources",
    "link": "https://lionsandtigers.com/"
  },
  {
    "page_title": "Professional Workforce & Staffing Solutions - Lions & Tigers",
    "hyper_text": "Hybrid Workplace Playbook",
    "link": "https://lionsandtigers.com/avoiding-the-all-or-nothing-workplace/"
  },
  {
    "page_title": "Professional Workforce & Staffing Solutions - Lions & Tigers",
    "hyper_text": "Blog",
    "link": "https://lionsandtigers.com/blog/"
  },
  {
    "page_title": "Professional Workforce & Staffing Solutions - Lions & Tigers",
    "hyper_text": "Newsletter",
    "link": "https://lionsandtigers.com/newsletter/"
  },
  {
    "page_title": "Professional Workforce & Staffing Solutions - Lions & Tigers",
    "hyper_text": "TALK TO US",
    "link": "https://lionsandtigers.com/talk-to-us/"
  },
  {
    "page_title": "Professional Workforce & Staffing Solutions - Lions & Tigers",
    "hyper_text": "Learn more",
    "link": "https://lionsandtigers.com/solutions/"
  },
  {
    "page_title": "Professional Workforce & Staffing Solutions - Lions & Tigers",
    "hyper_text": "Learn more",
    "link": "https://lionsandtigers.com/solutions/"
  },
  {
    "page_title": "Professional Workforce & Staffing Solutions - Lions & Tigers",
    "hyper_text": "Learn more",
    "link": "https://lionsandtigers.com/solutions/"
  },
  {
    "page_title": "Professional Workforce & Staffing Solutions - Lions & Tigers",
    "hyper_text": "LEARN MORE",
    "link": "https://lionsandtigers.com/avoiding-the-all-or-nothing-workplace/"
  },
  {
    "page_title": "Professional Workforce & Staffing Solutions - Lions & Tigers",
    "hyper_text": "OUR STORY",
    "link": "https://lionsandtigers.com/our-story/"
  },
  {
    "page_title": "Professional Workforce & Staffing Solutions - Lions & Tigers",
    "hyper_text": "TALK TO US",
    "link": "https://lionsandtigers.com/talk-to-us/"
  },
  {
    "page_title": "Professional Workforce & Staffing Solutions - Lions & Tigers",
    "hyper_text": "JOIN OUR TEAM",
    "link": "https://lionsandtigers.com/join-our-team/"
  },
  {
    "page_title": "Professional Workforce & Staffing Solutions - Lions & Tigers",
    "hyper_text": "Follow",
    "link": "https://www.linkedin.com/company/lionsandtigers"
  },
  {
    "page_title": "Professional Workforce & Staffing Solutions - Lions & Tigers",
    "hyper_text": "Follow",
    "link": "https://twitter.com/lionstigersco"
  },
  {
    "page_title": "Professional Workforce & Staffing Solutions - Lions & Tigers",
    "hyper_text": "Follow",
    "link": "https://www.instagram.com/lionstigersco/"
  },
  {
    "page_title": "Professional Workforce & Staffing Solutions - Lions & Tigers",
    "hyper_text": "Follow",
    "link": "https://www.youtube.com/@lionstigersco"
  },
  {
    "page_title": "Professional Workforce & Staffing Solutions - Lions & Tigers",
    "hyper_text": "Talk to Us",
    "link": "https://lionsandtigers.com/talk-to-us/"
  },
  {
    "page_title": "Professional Workforce & Staffing Solutions - Lions & Tigers",
    "hyper_text": "Our Story",
    "link": "https://lionsandtigers.com/our-story/"
  },
  {
    "page_title": "Professional Workforce & Staffing Solutions - Lions & Tigers",
    "hyper_text": "Why Now",
    "link": "https://lionsandtigers.com/why-now/"
  },
  {
    "page_title": "Professional Workforce & Staffing Solutions - Lions & Tigers",
    "hyper_text": "Join Our Team",
    "link": "https://lionsandtigers.com/join-our-team/"
  },
  {
    "page_title": "Professional Workforce & Staffing Solutions - Lions & Tigers",
    "hyper_text": "Solutions",
    "link": "https://lionsandtigers.com/solutions/"
  },
  {
    "page_title": "Professional Workforce & Staffing Solutions - Lions & Tigers",
    "hyper_text": "Hybrid Workplace Playbook",
    "link": "https://lionsandtigers.com/avoiding-the-all-or-nothing-workplace/"
  },
  {
    "page_title": "Professional Workforce & Staffing Solutions - Lions & Tigers",
    "hyper_text": "Blog",
    "link": "https://lionsandtigers.com/blog/"
  },
  {
    "page_title": "Professional Workforce & Staffing Solutions - Lions & Tigers",
    "hyper_text": "Media",
    "link": "https://lionsandtigers.com/media/"
  },
  {
    "page_title": "Professional Workforce & Staffing Solutions - Lions & Tigers",
    "hyper_text": "General Inquiries",
    "link": "https://lionsandtigers.com/general-inquiries/"
  },
  {
    "page_title": "Professional Workforce & Staffing Solutions - Lions & Tigers",
    "hyper_text": "Our Story",
    "link": "https://lionsandtigers.com/our-story/"
  },
  {
    "page_title": "Professional Workforce & Staffing Solutions - Lions & Tigers",
    "hyper_text": "Why Now",
    "link": "https://lionsandtigers.com/why-now/"
  },
  {
    "page_title": "Professional Workforce & Staffing Solutions - Lions & Tigers",
    "hyper_text": "Join Our Team",
    "link": "https://lionsandtigers.com/join-our-team/"
  },
  {
    "page_title": "Professional Workforce & Staffing Solutions - Lions & Tigers",
    "hyper_text": "DEI",
    "link": "https://lionsandtigers.com/dei/"
  },
  {
    "page_title": "Professional Workforce & Staffing Solutions - Lions & Tigers",
    "hyper_text": "Working Together",
    "link": "https://lionsandtigers.com/solutions/#working-together"
  },
  {
    "page_title": "Professional Workforce & Staffing Solutions - Lions & Tigers",
    "hyper_text": "Engagement Model",
    "link": "https://lionsandtigers.com/solutions/#engagement-model"
  },
  {
    "page_title": "Professional Workforce & Staffing Solutions - Lions & Tigers",
    "hyper_text": "Capabilities & Skillsets",
    "link": "https://lionsandtigers.com/solutions/#capabilities-skillsets"
  },
  {
    "page_title": "Professional Workforce & Staffing Solutions - Lions & Tigers",
    "hyper_text": "Case Studies",
    "link": "https://lionsandtigers.com/solutions/#client-stories"
  },
  {
    "page_title": "Professional Workforce & Staffing Solutions - Lions & Tigers",
    "hyper_text": "Hybrid Workplace Playbook",
    "link": "https://lionsandtigers.com/avoiding-the-all-or-nothing-workplace/"
  },
  {
    "page_title": "Professional Workforce & Staffing Solutions - Lions & Tigers",
    "hyper_text": "Blog",
    "link": "https://lionsandtigers.com/blog/"
  },
  {
    "page_title": "Professional Workforce & Staffing Solutions - Lions & Tigers",
    "hyper_text": "Media",
    "link": "https://lionsandtigers.com/media/"
  },
  {
    "page_title": "Professional Workforce & Staffing Solutions - Lions & Tigers",
    "hyper_text": "General Inquiries",
    "link": "https://lionsandtigers.com/general-inquiries/"
  },
  {
    "page_title": "Professional Workforce & Staffing Solutions - Lions & Tigers",
    "hyper_text": "Privacy Policy",
    "link": "https://lionsandtigers.com/privacy-policy/"
  },
  {
    "page_title": "Professional Workforce & Staffing Solutions - Lions & Tigers",
    "hyper_text": "Follow",
    "link": "https://www.linkedin.com/company/lionsandtigers"
  },
  {
    "page_title": "Professional Workforce & Staffing Solutions - Lions & Tigers",
    "hyper_text": "Follow",
    "link": "https://twitter.com/lionstigersco"
  },
  {
    "page_title": "Professional Workforce & Staffing Solutions - Lions & Tigers",
    "hyper_text": "Follow",
    "link": "https://www.instagram.com/lionstigersco/"
  },
  {
    "page_title": "Professional Workforce & Staffing Solutions - Lions & Tigers",
    "hyper_text": "Follow",
    "link": "https://www.youtube.com/@lionstigersco"
  }
]