[
  {
    "page_title": "Living with CKD? Start Here",
    "hyper_text": "Skip to content",
    "link": "https://kidneycareconsultants.com/services/chronic-kidney-disease/#content"
  },
  {
    "page_title": "Living with CKD? Start Here",
    "hyper_text": "(866) 995-7667",
    "link": "tel:8669957667"
  },
  {
    "page_title": "Living with CKD? Start Here",
    "hyper_text": "Pay Now",
    "link": "https://pay.streampay.streamlinepayments.com/#/qGCdZ%2525252fgjyNI27uT4rpznnqbbCvtkqi0l%2525252f%2525252b6ZrcaTl8XiN9AeAWsKi7hacOhtyAH1/qGCdZ%2525252fgjyNKnJggufIU%2525252fwabbCvtkqi0l%2525252f%2525252b6ZrcaTl8XiN9AeAWsKi7hacOhtyAH1/pay"
  },
  {
    "page_title": "Living with CKD? Start Here",
    "hyper_text": "Services",
    "link": "https://kidneycareconsultants.com/services/"
  },
  {
    "page_title": "Living with CKD? Start Here",
    "hyper_text": "Chronic Kidney Disease",
    "link": "https://kidneycareconsultants.com/services/chronic-kidney-disease/"
  },
  {
    "page_title": "Living with CKD? Start Here",
    "hyper_text": "Diet Information",
    "link": "https://kidneycareconsultants.com/services/diet-information/"
  },
  {
    "page_title": "Living with CKD? Start Here",
    "hyper_text": "Transplant Program",
    "link": "https://kidneycareconsultants.com/services/transplant-program/"
  },
  {
    "page_title": "Living with CKD? Start Here",
    "hyper_text": "Glomerulonephritis",
    "link": "https://kidneycareconsultants.com/services/glomerulonephritis/"
  },
  {
    "page_title": "Living with CKD? Start Here",
    "hyper_text": "Hypertension",
    "link": "https://kidneycareconsultants.com/services/hypertension/"
  },
  {
    "page_title": "Living with CKD? Start Here",
    "hyper_text": "Acid base and electrolyte disorders",
    "link": "https://kidneycareconsultants.com/services/acid-base-and-electrolyte-disorders/"
  },
  {
    "page_title": "Living with CKD? Start Here",
    "hyper_text": "Treatment and Evaluation of Genetic and Hereditary Kidney Diseases",
    "link": "https://kidneycareconsultants.com/services/treatment-and-evaluation-of-genetic-and-hereditary-kidney-diseases/"
  },
  {
    "page_title": "Living with CKD? Start Here",
    "hyper_text": "Nephrolithiasis",
    "link": "https://kidneycareconsultants.com/services/nephrolithiasis/"
  },
  {
    "page_title": "Living with CKD? Start Here",
    "hyper_text": "End stage Renal Disease",
    "link": "https://kidneycareconsultants.com/services/end-stage-renal-disease/"
  },
  {
    "page_title": "Living with CKD? Start Here",
    "hyper_text": "Transplant Nephrology",
    "link": "https://kidneycareconsultants.com/services/transplant-nephrology/"
  },
  {
    "page_title": "Living with CKD? Start Here",
    "hyper_text": "Our Providers",
    "link": "https://kidneycareconsultants.com/our-providers/"
  },
  {
    "page_title": "Living with CKD? Start Here",
    "hyper_text": "Clinic Locations",
    "link": "https://kidneycareconsultants.com/clinic-locations/"
  },
  {
    "page_title": "Living with CKD? Start Here",
    "hyper_text": "Patient Forms",
    "link": "https://kidneycareconsultants.com/patient-forms/"
  },
  {
    "page_title": "Living with CKD? Start Here",
    "hyper_text": "Contact Us",
    "link": "https://kidneycareconsultants.com/contact-us/"
  },
  {
    "page_title": "Living with CKD? Start Here",
    "hyper_text": "schedule an appointment",
    "link": "https://kidneycareconsultants.com/schedule-an-appointment/"
  },
  {
    "page_title": "Living with CKD? Start Here",
    "hyper_text": "Services",
    "link": "https://kidneycareconsultants.com/services/"
  },
  {
    "page_title": "Living with CKD? Start Here",
    "hyper_text": "Chronic Kidney Disease",
    "link": "https://kidneycareconsultants.com/services/chronic-kidney-disease/"
  },
  {
    "page_title": "Living with CKD? Start Here",
    "hyper_text": "Diet Information",
    "link": "https://kidneycareconsultants.com/services/diet-information/"
  },
  {
    "page_title": "Living with CKD? Start Here",
    "hyper_text": "Transplant Program",
    "link": "https://kidneycareconsultants.com/services/transplant-program/"
  },
  {
    "page_title": "Living with CKD? Start Here",
    "hyper_text": "Glomerulonephritis",
    "link": "https://kidneycareconsultants.com/services/glomerulonephritis/"
  },
  {
    "page_title": "Living with CKD? Start Here",
    "hyper_text": "Hypertension",
    "link": "https://kidneycareconsultants.com/services/hypertension/"
  },
  {
    "page_title": "Living with CKD? Start Here",
    "hyper_text": "Acid base and electrolyte disorders",
    "link": "https://kidneycareconsultants.com/services/acid-base-and-electrolyte-disorders/"
  },
  {
    "page_title": "Living with CKD? Start Here",
    "hyper_text": "Treatment and Evaluation of Genetic and Hereditary Kidney Diseases",
    "link": "https://kidneycareconsultants.com/services/treatment-and-evaluation-of-genetic-and-hereditary-kidney-diseases/"
  },
  {
    "page_title": "Living with CKD? Start Here",
    "hyper_text": "Nephrolithiasis",
    "link": "https://kidneycareconsultants.com/services/nephrolithiasis/"
  },
  {
    "page_title": "Living with CKD? Start Here",
    "hyper_text": "End stage Renal Disease",
    "link": "https://kidneycareconsultants.com/services/end-stage-renal-disease/"
  },
  {
    "page_title": "Living with CKD? Start Here",
    "hyper_text": "Transplant Nephrology",
    "link": "https://kidneycareconsultants.com/services/transplant-nephrology/"
  },
  {
    "page_title": "Living with CKD? Start Here",
    "hyper_text": "Our Providers",
    "link": "https://kidneycareconsultants.com/our-providers/"
  },
  {
    "page_title": "Living with CKD? Start Here",
    "hyper_text": "Clinic Locations",
    "link": "https://kidneycareconsultants.com/clinic-locations/"
  },
  {
    "page_title": "Living with CKD? Start Here",
    "hyper_text": "Patient Forms",
    "link": "https://kidneycareconsultants.com/patient-forms/"
  },
  {
    "page_title": "Living with CKD? Start Here",
    "hyper_text": "Contact Us",
    "link": "https://kidneycareconsultants.com/contact-us/"
  },
  {
    "page_title": "Living with CKD? Start Here",
    "hyper_text": "Schedule an appointment",
    "link": "https://kidneycareconsultants.com/schedule-an-appointment/"
  },
  {
    "page_title": "Living with CKD? Start Here",
    "hyper_text": "Chronic Kidney Disease Program",
    "link": "https://kidneycareconsultants.com/services/chronic-kidney-disease/#diseaseprogram"
  },
  {
    "page_title": "Living with CKD? Start Here",
    "hyper_text": "Symptoms of Kidney Disease",
    "link": "https://kidneycareconsultants.com/services/chronic-kidney-disease/#symptoms"
  },
  {
    "page_title": "Living with CKD? Start Here",
    "hyper_text": "What Increases One’s Risk of Having Chronic Kidney Disease?",
    "link": "https://kidneycareconsultants.com/services/chronic-kidney-disease/#increasesrisk"
  },
  {
    "page_title": "Living with CKD? Start Here",
    "hyper_text": "How Can the Progression of Kidney Disease be Delayed?",
    "link": "https://kidneycareconsultants.com/services/chronic-kidney-disease/#delayed"
  },
  {
    "page_title": "Living with CKD? Start Here",
    "hyper_text": "Goals",
    "link": "https://kidneycareconsultants.com/services/chronic-kidney-disease/#goals"
  },
  {
    "page_title": "Living with CKD? Start Here",
    "hyper_text": "Stages of Kidney Disease",
    "link": "https://kidneycareconsultants.com/services/chronic-kidney-disease/#stages"
  },
  {
    "page_title": "Living with CKD? Start Here",
    "hyper_text": "Treatments for Kidney Failure",
    "link": "https://kidneycareconsultants.com/services/chronic-kidney-disease/#treatments"
  },
  {
    "page_title": "Living with CKD? Start Here",
    "hyper_text": "Read More>>",
    "link": "https://kidneycareconsultants.com/services/chronic-kidney-disease/"
  },
  {
    "page_title": "Living with CKD? Start Here",
    "hyper_text": "Read More>>",
    "link": "https://kidneycareconsultants.com/services/diet-information/"
  },
  {
    "page_title": "Living with CKD? Start Here",
    "hyper_text": "Read More>>",
    "link": "https://kidneycareconsultants.com/services/transplant-program/"
  },
  {
    "page_title": "Living with CKD? Start Here",
    "hyper_text": "Read More>>",
    "link": "https://kidneycareconsultants.com/services/glomerulonephritis/"
  },
  {
    "page_title": "Living with CKD? Start Here",
    "hyper_text": "Read More>>",
    "link": "https://kidneycareconsultants.com/services/hypertension/"
  },
  {
    "page_title": "Living with CKD? Start Here",
    "hyper_text": "Read More>>",
    "link": "https://kidneycareconsultants.com/services/acid-base-and-electrolyte-disorders/"
  },
  {
    "page_title": "Living with CKD? Start Here",
    "hyper_text": "Read More>>",
    "link": "https://kidneycareconsultants.com/services/treatment-and-evaluation-of-genetic-and-hereditary-kidney-diseases/"
  },
  {
    "page_title": "Living with CKD? Start Here",
    "hyper_text": "Read More>>",
    "link": "https://kidneycareconsultants.com/services/nephrolithiasis/"
  },
  {
    "page_title": "Living with CKD? Start Here",
    "hyper_text": "Read More>>",
    "link": "https://kidneycareconsultants.com/services/end-stage-renal-disease/"
  },
  {
    "page_title": "Living with CKD? Start Here",
    "hyper_text": "Read More>>",
    "link": "https://kidneycareconsultants.com/services/transplant-nephrology/"
  },
  {
    "page_title": "Living with CKD? Start Here",
    "hyper_text": "Clinic locations",
    "link": "https://kidneycareconsultants.com/clinic-locations/"
  },
  {
    "page_title": "Living with CKD? Start Here",
    "hyper_text": "Patient Forms",
    "link": "https://kidneycareconsultants.com/patient-forms/"
  },
  {
    "page_title": "Living with CKD? Start Here",
    "hyper_text": "Pay Now",
    "link": "https://pay.streampay.streamlinepayments.com/#/qGCdZ%2525252fgjyNI27uT4rpznnqbbCvtkqi0l%2525252f%2525252b6ZrcaTl8XiN9AeAWsKi7hacOhtyAH1/qGCdZ%2525252fgjyNKnJggufIU%2525252fwabbCvtkqi0l%2525252f%2525252b6ZrcaTl8XiN9AeAWsKi7hacOhtyAH1/pay"
  },
  {
    "page_title": "Living with CKD? Start Here",
    "hyper_text": "Privacy Policy",
    "link": "https://kidneycareconsultants.com/wp-content/uploads/2024/03/KCCNOTICEOFPRIVACYPRACTICESREVISED9-2013.pdf"
  },
  {
    "page_title": "Living with CKD? Start Here",
    "hyper_text": "Chronic Kidney Disease",
    "link": "https://kidneycareconsultants.com/services/chronic-kidney-disease/"
  },
  {
    "page_title": "Living with CKD? Start Here",
    "hyper_text": "Diet Information",
    "link": "https://kidneycareconsultants.com/services/diet-information/"
  },
  {
    "page_title": "Living with CKD? Start Here",
    "hyper_text": "Transplant Program",
    "link": "https://kidneycareconsultants.com/services/transplant-program/"
  },
  {
    "page_title": "Living with CKD? Start Here",
    "hyper_text": "716 West Broadway Louisville, Ky 40202",
    "link": "https://maps.app.goo.gl/vMLRTbWBb73xrRdT8"
  },
  {
    "page_title": "Living with CKD? Start Here",
    "hyper_text": "(866) 995-7667",
    "link": "tel:8669957667"
  },
  {
    "page_title": "Living with CKD? Start Here",
    "hyper_text": "Kidney Care Consultants",
    "link": "https://kidneycareconsultants.com"
  }
]