[
  {
    "page_title": "Book Your Visit Online",
    "hyper_text": "Skip to content",
    "link": "https://kidneycareconsultants.com/schedule-an-appointment/#content"
  },
  {
    "page_title": "Book Your Visit Online",
    "hyper_text": "(866) 995-7667",
    "link": "tel:8669957667"
  },
  {
    "page_title": "Book Your Visit Online",
    "hyper_text": "Pay Now",
    "link": "https://pay.streampay.streamlinepayments.com/#/qGCdZ%2525252fgjyNI27uT4rpznnqbbCvtkqi0l%2525252f%2525252b6ZrcaTl8XiN9AeAWsKi7hacOhtyAH1/qGCdZ%2525252fgjyNKnJggufIU%2525252fwabbCvtkqi0l%2525252f%2525252b6ZrcaTl8XiN9AeAWsKi7hacOhtyAH1/pay"
  },
  {
    "page_title": "Book Your Visit Online",
    "hyper_text": "Services",
    "link": "https://kidneycareconsultants.com/services/"
  },
  {
    "page_title": "Book Your Visit Online",
    "hyper_text": "Chronic Kidney Disease",
    "link": "https://kidneycareconsultants.com/services/chronic-kidney-disease/"
  },
  {
    "page_title": "Book Your Visit Online",
    "hyper_text": "Diet Information",
    "link": "https://kidneycareconsultants.com/services/diet-information/"
  },
  {
    "page_title": "Book Your Visit Online",
    "hyper_text": "Transplant Program",
    "link": "https://kidneycareconsultants.com/services/transplant-program/"
  },
  {
    "page_title": "Book Your Visit Online",
    "hyper_text": "Glomerulonephritis",
    "link": "https://kidneycareconsultants.com/services/glomerulonephritis/"
  },
  {
    "page_title": "Book Your Visit Online",
    "hyper_text": "Hypertension",
    "link": "https://kidneycareconsultants.com/services/hypertension/"
  },
  {
    "page_title": "Book Your Visit Online",
    "hyper_text": "Acid base and electrolyte disorders",
    "link": "https://kidneycareconsultants.com/services/acid-base-and-electrolyte-disorders/"
  },
  {
    "page_title": "Book Your Visit Online",
    "hyper_text": "Treatment and Evaluation of Genetic and Hereditary Kidney Diseases",
    "link": "https://kidneycareconsultants.com/services/treatment-and-evaluation-of-genetic-and-hereditary-kidney-diseases/"
  },
  {
    "page_title": "Book Your Visit Online",
    "hyper_text": "Nephrolithiasis",
    "link": "https://kidneycareconsultants.com/services/nephrolithiasis/"
  },
  {
    "page_title": "Book Your Visit Online",
    "hyper_text": "End stage Renal Disease",
    "link": "https://kidneycareconsultants.com/services/end-stage-renal-disease/"
  },
  {
    "page_title": "Book Your Visit Online",
    "hyper_text": "Transplant Nephrology",
    "link": "https://kidneycareconsultants.com/services/transplant-nephrology/"
  },
  {
    "page_title": "Book Your Visit Online",
    "hyper_text": "Our Providers",
    "link": "https://kidneycareconsultants.com/our-providers/"
  },
  {
    "page_title": "Book Your Visit Online",
    "hyper_text": "Clinic Locations",
    "link": "https://kidneycareconsultants.com/clinic-locations/"
  },
  {
    "page_title": "Book Your Visit Online",
    "hyper_text": "Patient Forms",
    "link": "https://kidneycareconsultants.com/patient-forms/"
  },
  {
    "page_title": "Book Your Visit Online",
    "hyper_text": "Contact Us",
    "link": "https://kidneycareconsultants.com/contact-us/"
  },
  {
    "page_title": "Book Your Visit Online",
    "hyper_text": "schedule an appointment",
    "link": "https://kidneycareconsultants.com/schedule-an-appointment/"
  },
  {
    "page_title": "Book Your Visit Online",
    "hyper_text": "Services",
    "link": "https://kidneycareconsultants.com/services/"
  },
  {
    "page_title": "Book Your Visit Online",
    "hyper_text": "Chronic Kidney Disease",
    "link": "https://kidneycareconsultants.com/services/chronic-kidney-disease/"
  },
  {
    "page_title": "Book Your Visit Online",
    "hyper_text": "Diet Information",
    "link": "https://kidneycareconsultants.com/services/diet-information/"
  },
  {
    "page_title": "Book Your Visit Online",
    "hyper_text": "Transplant Program",
    "link": "https://kidneycareconsultants.com/services/transplant-program/"
  },
  {
    "page_title": "Book Your Visit Online",
    "hyper_text": "Glomerulonephritis",
    "link": "https://kidneycareconsultants.com/services/glomerulonephritis/"
  },
  {
    "page_title": "Book Your Visit Online",
    "hyper_text": "Hypertension",
    "link": "https://kidneycareconsultants.com/services/hypertension/"
  },
  {
    "page_title": "Book Your Visit Online",
    "hyper_text": "Acid base and electrolyte disorders",
    "link": "https://kidneycareconsultants.com/services/acid-base-and-electrolyte-disorders/"
  },
  {
    "page_title": "Book Your Visit Online",
    "hyper_text": "Treatment and Evaluation of Genetic and Hereditary Kidney Diseases",
    "link": "https://kidneycareconsultants.com/services/treatment-and-evaluation-of-genetic-and-hereditary-kidney-diseases/"
  },
  {
    "page_title": "Book Your Visit Online",
    "hyper_text": "Nephrolithiasis",
    "link": "https://kidneycareconsultants.com/services/nephrolithiasis/"
  },
  {
    "page_title": "Book Your Visit Online",
    "hyper_text": "End stage Renal Disease",
    "link": "https://kidneycareconsultants.com/services/end-stage-renal-disease/"
  },
  {
    "page_title": "Book Your Visit Online",
    "hyper_text": "Transplant Nephrology",
    "link": "https://kidneycareconsultants.com/services/transplant-nephrology/"
  },
  {
    "page_title": "Book Your Visit Online",
    "hyper_text": "Our Providers",
    "link": "https://kidneycareconsultants.com/our-providers/"
  },
  {
    "page_title": "Book Your Visit Online",
    "hyper_text": "Clinic Locations",
    "link": "https://kidneycareconsultants.com/clinic-locations/"
  },
  {
    "page_title": "Book Your Visit Online",
    "hyper_text": "Patient Forms",
    "link": "https://kidneycareconsultants.com/patient-forms/"
  },
  {
    "page_title": "Book Your Visit Online",
    "hyper_text": "Contact Us",
    "link": "https://kidneycareconsultants.com/contact-us/"
  },
  {
    "page_title": "Book Your Visit Online",
    "hyper_text": "Schedule an appointment",
    "link": "https://kidneycareconsultants.com/schedule-an-appointment/"
  },
  {
    "page_title": "Book Your Visit Online",
    "hyper_text": "716 West Broadway Louisville, Ky 40202",
    "link": "https://maps.app.goo.gl/vMLRTbWBb73xrRdT8"
  },
  {
    "page_title": "Book Your Visit Online",
    "hyper_text": "(866) 995-7667",
    "link": "tel:(866) 995-7667"
  },
  {
    "page_title": "Book Your Visit Online",
    "hyper_text": "502-595-7007",
    "link": "fax:502-595-7007"
  },
  {
    "page_title": "Book Your Visit Online",
    "hyper_text": "Get Directions>>",
    "link": "https://maps.app.goo.gl/vMLRTbWBb73xrRdT8"
  },
  {
    "page_title": "Book Your Visit Online",
    "hyper_text": "8442 Dixie Hwy, Louisville, KY 40258",
    "link": "https://maps.app.goo.gl/T6ryZbveF2EgYb3b6"
  },
  {
    "page_title": "Book Your Visit Online",
    "hyper_text": "Get Directions>>",
    "link": "https://maps.app.goo.gl/T6ryZbveF2EgYb3b6"
  },
  {
    "page_title": "Book Your Visit Online",
    "hyper_text": "1263 Hospital Drive NW, Suite 100 Corydon, In 47112",
    "link": "https://maps.app.goo.gl/LYQzsonJqfKjUKMWA"
  },
  {
    "page_title": "Book Your Visit Online",
    "hyper_text": "502- 425-9121",
    "link": "tel:502- 425-9121"
  },
  {
    "page_title": "Book Your Visit Online",
    "hyper_text": "502-425-9161",
    "link": "fax:502-425-9161"
  },
  {
    "page_title": "Book Your Visit Online",
    "hyper_text": "Get Directions>>",
    "link": "https://maps.app.goo.gl/LYQzsonJqfKjUKMWA"
  },
  {
    "page_title": "Book Your Visit Online",
    "hyper_text": "8037 Dixie Highway Louisville, KY 40258",
    "link": "https://maps.app.goo.gl/1Ez5o1G4wngrZHMi8"
  },
  {
    "page_title": "Book Your Visit Online",
    "hyper_text": "(866) 995-7667",
    "link": "tel:(866) 995-7667"
  },
  {
    "page_title": "Book Your Visit Online",
    "hyper_text": "502-595-7007",
    "link": "fax:502-595-7007"
  },
  {
    "page_title": "Book Your Visit Online",
    "hyper_text": "Get Directions>>",
    "link": "https://maps.app.goo.gl/1Ez5o1G4wngrZHMi8"
  },
  {
    "page_title": "Book Your Visit Online",
    "hyper_text": "309 Eleventh Street Carrollton, KY 41008",
    "link": "https://maps.app.goo.gl/cYj5YZwrxVWUJBYH6"
  },
  {
    "page_title": "Book Your Visit Online",
    "hyper_text": "(866) 995-7667",
    "link": "tel:(866) 995-7667"
  },
  {
    "page_title": "Book Your Visit Online",
    "hyper_text": "502-425-9161",
    "link": "fax:502-425-9161"
  },
  {
    "page_title": "Book Your Visit Online",
    "hyper_text": "Get Directions>>",
    "link": "https://maps.app.goo.gl/cYj5YZwrxVWUJBYH6"
  },
  {
    "page_title": "Book Your Visit Online",
    "hyper_text": "9720 Park Plaza Avenue Ste.104 Louisville, Ky 40241",
    "link": "https://maps.app.goo.gl/J7vyd9ZC1zhVwipw9"
  },
  {
    "page_title": "Book Your Visit Online",
    "hyper_text": "502- 425-9121",
    "link": "tel:502- 425-9121"
  },
  {
    "page_title": "Book Your Visit Online",
    "hyper_text": "502-425-9161",
    "link": "fax:502-425-9161"
  },
  {
    "page_title": "Book Your Visit Online",
    "hyper_text": "Get Directions>>",
    "link": "https://maps.app.goo.gl/J7vyd9ZC1zhVwipw9"
  },
  {
    "page_title": "Book Your Visit Online",
    "hyper_text": "313 Federal Dr. Suite. 150 Corydon, in 47112",
    "link": "https://maps.app.goo.gl/NrxPajdYCWFYP9XX7"
  },
  {
    "page_title": "Book Your Visit Online",
    "hyper_text": "(866) 995-7667",
    "link": "tel:(866) 995-7667"
  },
  {
    "page_title": "Book Your Visit Online",
    "hyper_text": "502-595-7007",
    "link": "fax:502-595-7007"
  },
  {
    "page_title": "Book Your Visit Online",
    "hyper_text": "Get Directions>>",
    "link": "https://maps.app.goo.gl/NrxPajdYCWFYP9XX7"
  },
  {
    "page_title": "Book Your Visit Online",
    "hyper_text": "1023 New Moody Lane Ste. 202 Lagrange, Ky 40031",
    "link": "https://maps.app.goo.gl/9im9Q1q8Y4CaiTtq7"
  },
  {
    "page_title": "Book Your Visit Online",
    "hyper_text": "502- 425-9121",
    "link": "tel:502- 425-9121"
  },
  {
    "page_title": "Book Your Visit Online",
    "hyper_text": "502-425-9161",
    "link": "fax:502-425-9161"
  },
  {
    "page_title": "Book Your Visit Online",
    "hyper_text": "Get Directions>>",
    "link": "https://maps.app.goo.gl/9im9Q1q8Y4CaiTtq7"
  },
  {
    "page_title": "Book Your Visit Online",
    "hyper_text": "1473 N Gardner Street Suite A  Scottsburg IN. 47170",
    "link": "https://maps.app.goo.gl/xW33sXYvVRmuqPV19"
  },
  {
    "page_title": "Book Your Visit Online",
    "hyper_text": "(866) 995-7667",
    "link": "tel:(866) 995-7667"
  },
  {
    "page_title": "Book Your Visit Online",
    "hyper_text": "502-595-7007",
    "link": "fax:502-595-7007"
  },
  {
    "page_title": "Book Your Visit Online",
    "hyper_text": "Get Directions>>",
    "link": "https://maps.app.goo.gl/xW33sXYvVRmuqPV19"
  },
  {
    "page_title": "Book Your Visit Online",
    "hyper_text": "Medical Arts Building 207 Sparks Avenue. Suite 404 Jeffersonville, Indiana 47130",
    "link": "https://maps.app.goo.gl/jK44P1ExsdEcdAM38"
  },
  {
    "page_title": "Book Your Visit Online",
    "hyper_text": "(866) 995-7667",
    "link": "tel:(866) 995-7667"
  },
  {
    "page_title": "Book Your Visit Online",
    "hyper_text": "502-595-7007",
    "link": "fax:502-595-7007"
  },
  {
    "page_title": "Book Your Visit Online",
    "hyper_text": "Get Directions>>",
    "link": "https://maps.app.goo.gl/jK44P1ExsdEcdAM38"
  },
  {
    "page_title": "Book Your Visit Online",
    "hyper_text": "1903 Hebron Lane Ste.202 Shepherdsville, Ky 40165",
    "link": "https://maps.app.goo.gl/ZquPtWDHonUbBYmFA"
  },
  {
    "page_title": "Book Your Visit Online",
    "hyper_text": "(866) 995-7667",
    "link": "tel:(866) 995-7667"
  },
  {
    "page_title": "Book Your Visit Online",
    "hyper_text": "502-595-7007",
    "link": "fax:502-595-7007"
  },
  {
    "page_title": "Book Your Visit Online",
    "hyper_text": "Get Directions>>",
    "link": "https://maps.app.goo.gl/ZquPtWDHonUbBYmFA"
  },
  {
    "page_title": "Book Your Visit Online",
    "hyper_text": "4001 Kresge Way Suite 325 Louisville, Ky 40207",
    "link": "https://maps.app.goo.gl/TCk3or4SbLnczfVB9"
  },
  {
    "page_title": "Book Your Visit Online",
    "hyper_text": "(866) 995-7667",
    "link": "tel:(866) 995-7667"
  },
  {
    "page_title": "Book Your Visit Online",
    "hyper_text": "502-595-7007",
    "link": "fax:502-595-7007"
  },
  {
    "page_title": "Book Your Visit Online",
    "hyper_text": "Get Directions>>",
    "link": "https://maps.app.goo.gl/TCk3or4SbLnczfVB9"
  },
  {
    "page_title": "Book Your Visit Online",
    "hyper_text": "1919 State Street Ste 444 New Albany, in 47150",
    "link": "https://maps.app.goo.gl/JEggAFEJpZVXSQAbA"
  },
  {
    "page_title": "Book Your Visit Online",
    "hyper_text": "(866) 995-7667",
    "link": "tel:(866) 995-7667"
  },
  {
    "page_title": "Book Your Visit Online",
    "hyper_text": "502-595-7007",
    "link": "fax:502-595-7007"
  },
  {
    "page_title": "Book Your Visit Online",
    "hyper_text": "Get Directions>>",
    "link": "https://maps.app.goo.gl/JEggAFEJpZVXSQAbA"
  },
  {
    "page_title": "Book Your Visit Online",
    "hyper_text": "10216 Taylorsville Rd. Suite 850 Louisville, Ky 40299",
    "link": "https://maps.app.goo.gl/5y9makFPEH1SJ5ii6"
  },
  {
    "page_title": "Book Your Visit Online",
    "hyper_text": "(866) 995-7667",
    "link": "tel:(866) 995-7667"
  },
  {
    "page_title": "Book Your Visit Online",
    "hyper_text": "502-595-7007",
    "link": "fax:502-595-7007"
  },
  {
    "page_title": "Book Your Visit Online",
    "hyper_text": "Get Directions>>",
    "link": "https://maps.app.goo.gl/5y9makFPEH1SJ5ii6"
  },
  {
    "page_title": "Book Your Visit Online",
    "hyper_text": "4402 Churchman Avenue Plaza 1 Ste.400 Louisville, Ky 40215",
    "link": "https://maps.app.goo.gl/ymCe5TjZzuUBmgqj8"
  },
  {
    "page_title": "Book Your Visit Online",
    "hyper_text": "(866) 995-7667",
    "link": "tel:(866) 995-7667"
  },
  {
    "page_title": "Book Your Visit Online",
    "hyper_text": "502-595-7007",
    "link": "fax:502-595-7007"
  },
  {
    "page_title": "Book Your Visit Online",
    "hyper_text": "Get Directions>>",
    "link": "https://maps.app.goo.gl/ymCe5TjZzuUBmgqj8"
  },
  {
    "page_title": "Book Your Visit Online",
    "hyper_text": "Physicians Plaza Building 50 Church View St Shelbyville, Ky 40065",
    "link": "https://maps.app.goo.gl/33STxaQ4ZEjmpe9D9"
  },
  {
    "page_title": "Book Your Visit Online",
    "hyper_text": "502- 425-9121",
    "link": "tel:502- 425-9121"
  },
  {
    "page_title": "Book Your Visit Online",
    "hyper_text": "502-425-9161",
    "link": "fax:502-425-9161"
  },
  {
    "page_title": "Book Your Visit Online",
    "hyper_text": "Get Directions>>",
    "link": "https://maps.app.goo.gl/33STxaQ4ZEjmpe9D9"
  },
  {
    "page_title": "Book Your Visit Online",
    "hyper_text": "5801 Preston Highway Louisville, Ky 40219",
    "link": "https://maps.app.goo.gl/Xi9vAZpWkHXtpsKZA"
  },
  {
    "page_title": "Book Your Visit Online",
    "hyper_text": "(866) 995-7667",
    "link": "tel:(866) 995-7667"
  },
  {
    "page_title": "Book Your Visit Online",
    "hyper_text": "502-595-7007",
    "link": "fax:502-595-7007"
  },
  {
    "page_title": "Book Your Visit Online",
    "hyper_text": "Get Directions>>",
    "link": "https://maps.app.goo.gl/Xi9vAZpWkHXtpsKZA"
  },
  {
    "page_title": "Book Your Visit Online",
    "hyper_text": "Clinic locations",
    "link": "https://kidneycareconsultants.com/clinic-locations/"
  },
  {
    "page_title": "Book Your Visit Online",
    "hyper_text": "Patient Forms",
    "link": "https://kidneycareconsultants.com/patient-forms/"
  },
  {
    "page_title": "Book Your Visit Online",
    "hyper_text": "Pay Now",
    "link": "https://pay.streampay.streamlinepayments.com/#/qGCdZ%2525252fgjyNI27uT4rpznnqbbCvtkqi0l%2525252f%2525252b6ZrcaTl8XiN9AeAWsKi7hacOhtyAH1/qGCdZ%2525252fgjyNKnJggufIU%2525252fwabbCvtkqi0l%2525252f%2525252b6ZrcaTl8XiN9AeAWsKi7hacOhtyAH1/pay"
  },
  {
    "page_title": "Book Your Visit Online",
    "hyper_text": "Privacy Policy",
    "link": "https://kidneycareconsultants.com/wp-content/uploads/2024/03/KCCNOTICEOFPRIVACYPRACTICESREVISED9-2013.pdf"
  },
  {
    "page_title": "Book Your Visit Online",
    "hyper_text": "Chronic Kidney Disease",
    "link": "https://kidneycareconsultants.com/services/chronic-kidney-disease/"
  },
  {
    "page_title": "Book Your Visit Online",
    "hyper_text": "Diet Information",
    "link": "https://kidneycareconsultants.com/services/diet-information/"
  },
  {
    "page_title": "Book Your Visit Online",
    "hyper_text": "Transplant Program",
    "link": "https://kidneycareconsultants.com/services/transplant-program/"
  },
  {
    "page_title": "Book Your Visit Online",
    "hyper_text": "716 West Broadway Louisville, Ky 40202",
    "link": "https://maps.app.goo.gl/vMLRTbWBb73xrRdT8"
  },
  {
    "page_title": "Book Your Visit Online",
    "hyper_text": "(866) 995-7667",
    "link": "tel:8669957667"
  },
  {
    "page_title": "Book Your Visit Online",
    "hyper_text": "Kidney Care Consultants",
    "link": "https://kidneycareconsultants.com"
  }
]