[
  {
    "text": "Home",
    "href": "https://www.340bpriceguide.net/"
  },
  {
    "text": "Search",
    "href": "https://www.340bpriceguide.net/340b-search"
  },
  {
    "text": "Articles",
    "href": "https://www.340bpriceguide.net/articles-news"
  },
  {
    "text": "About",
    "href": "https://www.340bpriceguide.net/about-us"
  },
  {
    "text": "Contact",
    "href": "https://www.340bpriceguide.net/contact-us"
  },
  {
    "text": "Profile",
    "href": "https://www.340bpriceguide.net/my-profile"
  },
  {
    "text": "SecureMsg",
    "href": "https://www.340bpriceguide.net/secure-message"
  }
]