[
  {
    "text": "Home",
    "href": "https://teamupventures.com/"
  },
  {
    "text": "The Pakistan Story",
    "href": "https://teamupventures.com/pakistan-story/"
  },
  {
    "text": "Our Team",
    "href": "https://teamupventures.com/#our-team"
  },
  {
    "text": "National Incubation Centre",
    "href": "https://nicpakistan.pk/"
  },
  {
    "text": "Scrapboard",
    "href": "https://teamupventures.com/#scrap-board"
  },
  {
    "text": "Contact & Careers",
    "href": "https://teamupventures.com/#contact-careers"
  }
]