[
  {
    "text": "PAY NOW",
    "href": "https://pay.streampay.streamlinepayments.com/#/qGCdZ%2525252fgjyNI27uT4rpznnqbbCvtkqi0l%2525252f%2525252b6ZrcaTl8XiN9AeAWsKi7hacOhtyAH1/qGCdZ%2525252fgjyNKnJggufIU%2525252fwabbCvtkqi0l%2525252f%2525252b6ZrcaTl8XiN9AeAWsKi7hacOhtyAH1/pay"
  },
  {
    "text": "SERVICES",
    "href": "https://kidneycareconsultants.com/services/"
  },
  {
    "text": "OUR PROVIDERS",
    "href": "https://kidneycareconsultants.com/our-providers/"
  },
  {
    "text": "CLINIC LOCATIONS",
    "href": "https://kidneycareconsultants.com/clinic-locations/"
  },
  {
    "text": "PATIENT FORMS",
    "href": "https://kidneycareconsultants.com/patient-forms/"
  },
  {
    "text": "CONTACT US",
    "href": "https://kidneycareconsultants.com/contact-us/"
  },
  {
    "text": "SCHEDULE AN APPOINTMENT",
    "href": "https://kidneycareconsultants.com/schedule-an-appointment/"
  },
  {
    "text": "Chronic Kidney Disease",
    "href": "https://kidneycareconsultants.com/services/chronic-kidney-disease/"
  },
  {
    "text": "Diet Information",
    "href": "https://kidneycareconsultants.com/services/diet-information/"
  },
  {
    "text": "Transplant Program",
    "href": "https://kidneycareconsultants.com/services/transplant-program/"
  },
  {
    "text": "Glomerulonephritis",
    "href": "https://kidneycareconsultants.com/services/glomerulonephritis/"
  },
  {
    "text": "Hypertension",
    "href": "https://kidneycareconsultants.com/services/hypertension/"
  },
  {
    "text": "Acid Base And Electrolyte Disorders",
    "href": "https://kidneycareconsultants.com/services/acid-base-and-electrolyte-disorders/"
  },
  {
    "text": "Treatment And Evaluation Of Genetic And Hereditary Kidney Diseases",
    "href": "https://kidneycareconsultants.com/services/treatment-and-evaluation-of-genetic-and-hereditary-kidney-diseases/"
  },
  {
    "text": "Nephrolithiasis",
    "href": "https://kidneycareconsultants.com/services/nephrolithiasis/"
  },
  {
    "text": "End Stage Renal Disease",
    "href": "https://kidneycareconsultants.com/services/end-stage-renal-disease/"
  },
  {
    "text": "Transplant Nephrology",
    "href": "https://kidneycareconsultants.com/services/transplant-nephrology/"
  }
]