[
  {
    "page_title": "Expert Kidney Care, Always Here",
    "hyper_text": "Skip to content",
    "link": "https://kidneycareconsultants.com/#content"
  },
  {
    "page_title": "Expert Kidney Care, Always Here",
    "hyper_text": "(866) 995-7667",
    "link": "tel:8669957667"
  },
  {
    "page_title": "Expert Kidney Care, Always Here",
    "hyper_text": "Pay Now",
    "link": "https://pay.streampay.streamlinepayments.com/#/qGCdZ%2525252fgjyNI27uT4rpznnqbbCvtkqi0l%2525252f%2525252b6ZrcaTl8XiN9AeAWsKi7hacOhtyAH1/qGCdZ%2525252fgjyNKnJggufIU%2525252fwabbCvtkqi0l%2525252f%2525252b6ZrcaTl8XiN9AeAWsKi7hacOhtyAH1/pay"
  },
  {
    "page_title": "Expert Kidney Care, Always Here",
    "hyper_text": "Services",
    "link": "https://kidneycareconsultants.com/services/"
  },
  {
    "page_title": "Expert Kidney Care, Always Here",
    "hyper_text": "Chronic Kidney Disease",
    "link": "https://kidneycareconsultants.com/services/chronic-kidney-disease/"
  },
  {
    "page_title": "Expert Kidney Care, Always Here",
    "hyper_text": "Diet Information",
    "link": "https://kidneycareconsultants.com/services/diet-information/"
  },
  {
    "page_title": "Expert Kidney Care, Always Here",
    "hyper_text": "Transplant Program",
    "link": "https://kidneycareconsultants.com/services/transplant-program/"
  },
  {
    "page_title": "Expert Kidney Care, Always Here",
    "hyper_text": "Glomerulonephritis",
    "link": "https://kidneycareconsultants.com/services/glomerulonephritis/"
  },
  {
    "page_title": "Expert Kidney Care, Always Here",
    "hyper_text": "Hypertension",
    "link": "https://kidneycareconsultants.com/services/hypertension/"
  },
  {
    "page_title": "Expert Kidney Care, Always Here",
    "hyper_text": "Acid base and electrolyte disorders",
    "link": "https://kidneycareconsultants.com/services/acid-base-and-electrolyte-disorders/"
  },
  {
    "page_title": "Expert Kidney Care, Always Here",
    "hyper_text": "Treatment and Evaluation of Genetic and Hereditary Kidney Diseases",
    "link": "https://kidneycareconsultants.com/services/treatment-and-evaluation-of-genetic-and-hereditary-kidney-diseases/"
  },
  {
    "page_title": "Expert Kidney Care, Always Here",
    "hyper_text": "Nephrolithiasis",
    "link": "https://kidneycareconsultants.com/services/nephrolithiasis/"
  },
  {
    "page_title": "Expert Kidney Care, Always Here",
    "hyper_text": "End stage Renal Disease",
    "link": "https://kidneycareconsultants.com/services/end-stage-renal-disease/"
  },
  {
    "page_title": "Expert Kidney Care, Always Here",
    "hyper_text": "Transplant Nephrology",
    "link": "https://kidneycareconsultants.com/services/transplant-nephrology/"
  },
  {
    "page_title": "Expert Kidney Care, Always Here",
    "hyper_text": "Our Providers",
    "link": "https://kidneycareconsultants.com/our-providers/"
  },
  {
    "page_title": "Expert Kidney Care, Always Here",
    "hyper_text": "Clinic Locations",
    "link": "https://kidneycareconsultants.com/clinic-locations/"
  },
  {
    "page_title": "Expert Kidney Care, Always Here",
    "hyper_text": "Patient Forms",
    "link": "https://kidneycareconsultants.com/patient-forms/"
  },
  {
    "page_title": "Expert Kidney Care, Always Here",
    "hyper_text": "Contact Us",
    "link": "https://kidneycareconsultants.com/contact-us/"
  },
  {
    "page_title": "Expert Kidney Care, Always Here",
    "hyper_text": "schedule an appointment",
    "link": "https://kidneycareconsultants.com/schedule-an-appointment/"
  },
  {
    "page_title": "Expert Kidney Care, Always Here",
    "hyper_text": "Services",
    "link": "https://kidneycareconsultants.com/services/"
  },
  {
    "page_title": "Expert Kidney Care, Always Here",
    "hyper_text": "Chronic Kidney Disease",
    "link": "https://kidneycareconsultants.com/services/chronic-kidney-disease/"
  },
  {
    "page_title": "Expert Kidney Care, Always Here",
    "hyper_text": "Diet Information",
    "link": "https://kidneycareconsultants.com/services/diet-information/"
  },
  {
    "page_title": "Expert Kidney Care, Always Here",
    "hyper_text": "Transplant Program",
    "link": "https://kidneycareconsultants.com/services/transplant-program/"
  },
  {
    "page_title": "Expert Kidney Care, Always Here",
    "hyper_text": "Glomerulonephritis",
    "link": "https://kidneycareconsultants.com/services/glomerulonephritis/"
  },
  {
    "page_title": "Expert Kidney Care, Always Here",
    "hyper_text": "Hypertension",
    "link": "https://kidneycareconsultants.com/services/hypertension/"
  },
  {
    "page_title": "Expert Kidney Care, Always Here",
    "hyper_text": "Acid base and electrolyte disorders",
    "link": "https://kidneycareconsultants.com/services/acid-base-and-electrolyte-disorders/"
  },
  {
    "page_title": "Expert Kidney Care, Always Here",
    "hyper_text": "Treatment and Evaluation of Genetic and Hereditary Kidney Diseases",
    "link": "https://kidneycareconsultants.com/services/treatment-and-evaluation-of-genetic-and-hereditary-kidney-diseases/"
  },
  {
    "page_title": "Expert Kidney Care, Always Here",
    "hyper_text": "Nephrolithiasis",
    "link": "https://kidneycareconsultants.com/services/nephrolithiasis/"
  },
  {
    "page_title": "Expert Kidney Care, Always Here",
    "hyper_text": "End stage Renal Disease",
    "link": "https://kidneycareconsultants.com/services/end-stage-renal-disease/"
  },
  {
    "page_title": "Expert Kidney Care, Always Here",
    "hyper_text": "Transplant Nephrology",
    "link": "https://kidneycareconsultants.com/services/transplant-nephrology/"
  },
  {
    "page_title": "Expert Kidney Care, Always Here",
    "hyper_text": "Our Providers",
    "link": "https://kidneycareconsultants.com/our-providers/"
  },
  {
    "page_title": "Expert Kidney Care, Always Here",
    "hyper_text": "Clinic Locations",
    "link": "https://kidneycareconsultants.com/clinic-locations/"
  },
  {
    "page_title": "Expert Kidney Care, Always Here",
    "hyper_text": "Patient Forms",
    "link": "https://kidneycareconsultants.com/patient-forms/"
  },
  {
    "page_title": "Expert Kidney Care, Always Here",
    "hyper_text": "Contact Us",
    "link": "https://kidneycareconsultants.com/contact-us/"
  },
  {
    "page_title": "Expert Kidney Care, Always Here",
    "hyper_text": "Schedule an appointment",
    "link": "https://kidneycareconsultants.com/schedule-an-appointment/"
  },
  {
    "page_title": "Expert Kidney Care, Always Here",
    "hyper_text": "866-995-7667",
    "link": "tel:8669957667"
  },
  {
    "page_title": "Expert Kidney Care, Always Here",
    "hyper_text": "Clinic Locations",
    "link": "https://kidneycareconsultants.com/clinic-locations/"
  },
  {
    "page_title": "Expert Kidney Care, Always Here",
    "hyper_text": "pl",
    "link": "https://3.basecamp.com/4957502/buckets/21820116/todos/8504534451"
  },
  {
    "page_title": "Expert Kidney Care, Always Here",
    "hyper_text": "Read More>>",
    "link": "https://kidneycareconsultants.com/services/chronic-kidney-disease/"
  },
  {
    "page_title": "Expert Kidney Care, Always Here",
    "hyper_text": "Read More>>",
    "link": "https://kidneycareconsultants.com/services/diet-information/"
  },
  {
    "page_title": "Expert Kidney Care, Always Here",
    "hyper_text": "Read More>>",
    "link": "https://kidneycareconsultants.com/services/transplant-program/"
  },
  {
    "page_title": "Expert Kidney Care, Always Here",
    "hyper_text": "Read More>>",
    "link": "https://kidneycareconsultants.com/services/glomerulonephritis/"
  },
  {
    "page_title": "Expert Kidney Care, Always Here",
    "hyper_text": "Read More>>",
    "link": "https://kidneycareconsultants.com/services/hypertension/"
  },
  {
    "page_title": "Expert Kidney Care, Always Here",
    "hyper_text": "Read More>>",
    "link": "https://kidneycareconsultants.com/services/acid-base-and-electrolyte-disorders/"
  },
  {
    "page_title": "Expert Kidney Care, Always Here",
    "hyper_text": "Read More>>",
    "link": "https://kidneycareconsultants.com/services/treatment-and-evaluation-of-genetic-and-hereditary-kidney-diseases/"
  },
  {
    "page_title": "Expert Kidney Care, Always Here",
    "hyper_text": "Read More>>",
    "link": "https://kidneycareconsultants.com/services/nephrolithiasis/"
  },
  {
    "page_title": "Expert Kidney Care, Always Here",
    "hyper_text": "Read More>>",
    "link": "https://kidneycareconsultants.com/services/end-stage-renal-disease/"
  },
  {
    "page_title": "Expert Kidney Care, Always Here",
    "hyper_text": "Read More>>",
    "link": "https://kidneycareconsultants.com/services/transplant-nephrology/"
  },
  {
    "page_title": "Expert Kidney Care, Always Here",
    "hyper_text": "716 West Broadway Louisville, Ky 40202",
    "link": "https://maps.app.goo.gl/vMLRTbWBb73xrRdT8"
  },
  {
    "page_title": "Expert Kidney Care, Always Here",
    "hyper_text": "(866) 995-7667",
    "link": "tel:(866) 995-7667"
  },
  {
    "page_title": "Expert Kidney Care, Always Here",
    "hyper_text": "502-595-7007",
    "link": "fax:502-595-7007"
  },
  {
    "page_title": "Expert Kidney Care, Always Here",
    "hyper_text": "Get Directions>>",
    "link": "https://maps.app.goo.gl/vMLRTbWBb73xrRdT8"
  },
  {
    "page_title": "Expert Kidney Care, Always Here",
    "hyper_text": "8442 Dixie Hwy, Louisville, KY 40258",
    "link": "https://maps.app.goo.gl/T6ryZbveF2EgYb3b6"
  },
  {
    "page_title": "Expert Kidney Care, Always Here",
    "hyper_text": "Get Directions>>",
    "link": "https://maps.app.goo.gl/T6ryZbveF2EgYb3b6"
  },
  {
    "page_title": "Expert Kidney Care, Always Here",
    "hyper_text": "1263 Hospital Drive NW, Suite 100 Corydon, In 47112",
    "link": "https://maps.app.goo.gl/LYQzsonJqfKjUKMWA"
  },
  {
    "page_title": "Expert Kidney Care, Always Here",
    "hyper_text": "502- 425-9121",
    "link": "tel:502- 425-9121"
  },
  {
    "page_title": "Expert Kidney Care, Always Here",
    "hyper_text": "502-425-9161",
    "link": "fax:502-425-9161"
  },
  {
    "page_title": "Expert Kidney Care, Always Here",
    "hyper_text": "Get Directions>>",
    "link": "https://maps.app.goo.gl/LYQzsonJqfKjUKMWA"
  },
  {
    "page_title": "Expert Kidney Care, Always Here",
    "hyper_text": "8037 Dixie Highway Louisville, KY 40258",
    "link": "https://maps.app.goo.gl/1Ez5o1G4wngrZHMi8"
  },
  {
    "page_title": "Expert Kidney Care, Always Here",
    "hyper_text": "(866) 995-7667",
    "link": "tel:(866) 995-7667"
  },
  {
    "page_title": "Expert Kidney Care, Always Here",
    "hyper_text": "502-595-7007",
    "link": "fax:502-595-7007"
  },
  {
    "page_title": "Expert Kidney Care, Always Here",
    "hyper_text": "Get Directions>>",
    "link": "https://maps.app.goo.gl/1Ez5o1G4wngrZHMi8"
  },
  {
    "page_title": "Expert Kidney Care, Always Here",
    "hyper_text": "view more",
    "link": "https://kidneycareconsultants.com/clinic-locations/"
  },
  {
    "page_title": "Expert Kidney Care, Always Here",
    "hyper_text": "view more",
    "link": "https://kidneycareconsultants.com/our-providers/"
  },
  {
    "page_title": "Expert Kidney Care, Always Here",
    "hyper_text": "schedule an appointment",
    "link": "https://kidneycareconsultants.com/#appointment-form"
  },
  {
    "page_title": "Expert Kidney Care, Always Here",
    "hyper_text": "Clinic locations",
    "link": "https://kidneycareconsultants.com/clinic-locations/"
  },
  {
    "page_title": "Expert Kidney Care, Always Here",
    "hyper_text": "Patient Forms",
    "link": "https://kidneycareconsultants.com/patient-forms/"
  },
  {
    "page_title": "Expert Kidney Care, Always Here",
    "hyper_text": "Pay Now",
    "link": "https://pay.streampay.streamlinepayments.com/#/qGCdZ%2525252fgjyNI27uT4rpznnqbbCvtkqi0l%2525252f%2525252b6ZrcaTl8XiN9AeAWsKi7hacOhtyAH1/qGCdZ%2525252fgjyNKnJggufIU%2525252fwabbCvtkqi0l%2525252f%2525252b6ZrcaTl8XiN9AeAWsKi7hacOhtyAH1/pay"
  },
  {
    "page_title": "Expert Kidney Care, Always Here",
    "hyper_text": "Privacy Policy",
    "link": "https://kidneycareconsultants.com/wp-content/uploads/2024/03/KCCNOTICEOFPRIVACYPRACTICESREVISED9-2013.pdf"
  },
  {
    "page_title": "Expert Kidney Care, Always Here",
    "hyper_text": "Chronic Kidney Disease",
    "link": "https://kidneycareconsultants.com/services/chronic-kidney-disease/"
  },
  {
    "page_title": "Expert Kidney Care, Always Here",
    "hyper_text": "Diet Information",
    "link": "https://kidneycareconsultants.com/services/diet-information/"
  },
  {
    "page_title": "Expert Kidney Care, Always Here",
    "hyper_text": "Transplant Program",
    "link": "https://kidneycareconsultants.com/services/transplant-program/"
  },
  {
    "page_title": "Expert Kidney Care, Always Here",
    "hyper_text": "716 West Broadway Louisville, Ky 40202",
    "link": "https://maps.app.goo.gl/vMLRTbWBb73xrRdT8"
  },
  {
    "page_title": "Expert Kidney Care, Always Here",
    "hyper_text": "(866) 995-7667",
    "link": "tel:8669957667"
  },
  {
    "page_title": "Expert Kidney Care, Always Here",
    "hyper_text": "Kidney Care Consultants",
    "link": "https://kidneycareconsultants.com"
  }
]