[
  {
    "page_title": "Hybrid Workplace Playbook - Lions & Tigers",
    "hyper_text": "Our Story",
    "link": "https://lionsandtigers.com/our-story/"
  },
  {
    "page_title": "Hybrid Workplace Playbook - Lions & Tigers",
    "hyper_text": "Why Now",
    "link": "https://lionsandtigers.com/why-now/"
  },
  {
    "page_title": "Hybrid Workplace Playbook - Lions & Tigers",
    "hyper_text": "Solutions",
    "link": "https://lionsandtigers.com/solutions/"
  },
  {
    "page_title": "Hybrid Workplace Playbook - Lions & Tigers",
    "hyper_text": "Join Our Team",
    "link": "https://lionsandtigers.com/join-our-team/"
  },
  {
    "page_title": "Hybrid Workplace Playbook - Lions & Tigers",
    "hyper_text": "Resources",
    "link": "https://lionsandtigers.com/avoiding-the-all-or-nothing-workplace/"
  },
  {
    "page_title": "Hybrid Workplace Playbook - Lions & Tigers",
    "hyper_text": "Hybrid Workplace Playbook",
    "link": "https://lionsandtigers.com/avoiding-the-all-or-nothing-workplace/"
  },
  {
    "page_title": "Hybrid Workplace Playbook - Lions & Tigers",
    "hyper_text": "Blog",
    "link": "https://lionsandtigers.com/blog/"
  },
  {
    "page_title": "Hybrid Workplace Playbook - Lions & Tigers",
    "hyper_text": "Newsletter",
    "link": "https://lionsandtigers.com/newsletter/"
  },
  {
    "page_title": "Hybrid Workplace Playbook - Lions & Tigers",
    "hyper_text": "TALK TO US",
    "link": "https://lionsandtigers.com/talk-to-us/"
  },
  {
    "page_title": "Hybrid Workplace Playbook - Lions & Tigers",
    "hyper_text": "Talk to Us",
    "link": "https://lionsandtigers.com/talk-to-us/"
  },
  {
    "page_title": "Hybrid Workplace Playbook - Lions & Tigers",
    "hyper_text": "Our Story",
    "link": "https://lionsandtigers.com/our-story/"
  },
  {
    "page_title": "Hybrid Workplace Playbook - Lions & Tigers",
    "hyper_text": "Why Now",
    "link": "https://lionsandtigers.com/why-now/"
  },
  {
    "page_title": "Hybrid Workplace Playbook - Lions & Tigers",
    "hyper_text": "Solutions",
    "link": "https://lionsandtigers.com/solutions/"
  },
  {
    "page_title": "Hybrid Workplace Playbook - Lions & Tigers",
    "hyper_text": "Join Our Team",
    "link": "https://lionsandtigers.com/join-our-team/"
  },
  {
    "page_title": "Hybrid Workplace Playbook - Lions & Tigers",
    "hyper_text": "Resources",
    "link": "https://lionsandtigers.com/avoiding-the-all-or-nothing-workplace/"
  },
  {
    "page_title": "Hybrid Workplace Playbook - Lions & Tigers",
    "hyper_text": "Hybrid Workplace Playbook",
    "link": "https://lionsandtigers.com/avoiding-the-all-or-nothing-workplace/"
  },
  {
    "page_title": "Hybrid Workplace Playbook - Lions & Tigers",
    "hyper_text": "Blog",
    "link": "https://lionsandtigers.com/blog/"
  },
  {
    "page_title": "Hybrid Workplace Playbook - Lions & Tigers",
    "hyper_text": "Newsletter",
    "link": "https://lionsandtigers.com/newsletter/"
  },
  {
    "page_title": "Hybrid Workplace Playbook - Lions & Tigers",
    "hyper_text": "Brea Starmer",
    "link": "https://lionsandtigers.com/brea-starmer/"
  },
  {
    "page_title": "Hybrid Workplace Playbook - Lions & Tigers",
    "hyper_text": "here",
    "link": "https://lionsandtigers.com/playbook-download/"
  },
  {
    "page_title": "Hybrid Workplace Playbook - Lions & Tigers",
    "hyper_text": "audio version.",
    "link": "https://player.captivate.fm/episode/ae64d6e2-5fb9-49fb-95e8-46d0a2433c68"
  },
  {
    "page_title": "Hybrid Workplace Playbook - Lions & Tigers",
    "hyper_text": "TheFutureNow of Work",
    "link": "https://lionsandtigers.com/avoiding-the-all-or-nothing-workplace/#future-now-of-work"
  },
  {
    "page_title": "Hybrid Workplace Playbook - Lions & Tigers",
    "hyper_text": "How I Lost My Job and Found My Way",
    "link": "https://lionsandtigers.com/avoiding-the-all-or-nothing-workplace/#lost-my-job"
  },
  {
    "page_title": "Hybrid Workplace Playbook - Lions & Tigers",
    "hyper_text": "The Workplace Isn’t Working for Everyone",
    "link": "https://lionsandtigers.com/avoiding-the-all-or-nothing-workplace/#workplace-isnt-working"
  },
  {
    "page_title": "Hybrid Workplace Playbook - Lions & Tigers",
    "hyper_text": "The “Great Resignation”",
    "link": "https://lionsandtigers.com/avoiding-the-all-or-nothing-workplace/#great-resignation"
  },
  {
    "page_title": "Hybrid Workplace Playbook - Lions & Tigers",
    "hyper_text": "We’re Losing Those We Most Seek",
    "link": "https://lionsandtigers.com/avoiding-the-all-or-nothing-workplace/#losing-those-we-seek"
  },
  {
    "page_title": "Hybrid Workplace Playbook - Lions & Tigers",
    "hyper_text": "Where’d They Go? 50% Independent",
    "link": "https://lionsandtigers.com/avoiding-the-all-or-nothing-workplace/#whered-they-go"
  },
  {
    "page_title": "Hybrid Workplace Playbook - Lions & Tigers",
    "hyper_text": "We Must Adopt Blended Work Ecosystems",
    "link": "https://lionsandtigers.com/avoiding-the-all-or-nothing-workplace/#blended-work-ecosystems"
  },
  {
    "page_title": "Hybrid Workplace Playbook - Lions & Tigers",
    "hyper_text": "The Era of Sustainability: Measuring Impact Over Hours",
    "link": "https://lionsandtigers.com/avoiding-the-all-or-nothing-workplace/#era-of-sustainability"
  },
  {
    "page_title": "Hybrid Workplace Playbook - Lions & Tigers",
    "hyper_text": "Reimagining the Workplace with the Highest & Best Use Operating System™",
    "link": "https://lionsandtigers.com/avoiding-the-all-or-nothing-workplace/#reimagining-the-workplace"
  },
  {
    "page_title": "Hybrid Workplace Playbook - Lions & Tigers",
    "hyper_text": "The Highest & Best Use Operating System",
    "link": "https://lionsandtigers.com/avoiding-the-all-or-nothing-workplace/#hbu-op-system"
  },
  {
    "page_title": "Hybrid Workplace Playbook - Lions & Tigers",
    "hyper_text": "The 3Ms of HBU",
    "link": "https://lionsandtigers.com/avoiding-the-all-or-nothing-workplace/#3ms-hbu"
  },
  {
    "page_title": "Hybrid Workplace Playbook - Lions & Tigers",
    "hyper_text": "Applying the 3Ms to our Blended Work Ecosystem",
    "link": "https://lionsandtigers.com/avoiding-the-all-or-nothing-workplace/#3ms-blended-work"
  },
  {
    "page_title": "Hybrid Workplace Playbook - Lions & Tigers",
    "hyper_text": "Our Process of Establishing HBU",
    "link": "https://lionsandtigers.com/avoiding-the-all-or-nothing-workplace/#establishing-hbu"
  },
  {
    "page_title": "Hybrid Workplace Playbook - Lions & Tigers",
    "hyper_text": "First Step: Highest & Best ORGANIZATION",
    "link": "https://lionsandtigers.com/avoiding-the-all-or-nothing-workplace/#hbu-organization"
  },
  {
    "page_title": "Hybrid Workplace Playbook - Lions & Tigers",
    "hyper_text": "Second Step: Highest & Best YOU",
    "link": "https://lionsandtigers.com/avoiding-the-all-or-nothing-workplace/#hbu-you"
  },
  {
    "page_title": "Hybrid Workplace Playbook - Lions & Tigers",
    "hyper_text": "Third Step: Highest & Best COMMUNITY",
    "link": "https://lionsandtigers.com/avoiding-the-all-or-nothing-workplace/#hbu-community"
  },
  {
    "page_title": "Hybrid Workplace Playbook - Lions & Tigers",
    "hyper_text": "Stitching It All Together: Your Ecosystem is Unique",
    "link": "https://lionsandtigers.com/avoiding-the-all-or-nothing-workplace/#stitching-it-all-together"
  },
  {
    "page_title": "Hybrid Workplace Playbook - Lions & Tigers",
    "hyper_text": "Unlocking HBU: High-EQ Change Management",
    "link": "https://lionsandtigers.com/avoiding-the-all-or-nothing-workplace/#unlocking-hbu"
  },
  {
    "page_title": "Hybrid Workplace Playbook - Lions & Tigers",
    "hyper_text": "Blending Our Workforce: Natalie’s Example",
    "link": "https://lionsandtigers.com/avoiding-the-all-or-nothing-workplace/#natalies-example"
  },
  {
    "page_title": "Hybrid Workplace Playbook - Lions & Tigers",
    "hyper_text": "Building the Plane While You Fly It",
    "link": "https://lionsandtigers.com/avoiding-the-all-or-nothing-workplace/#building-the-plane"
  },
  {
    "page_title": "Hybrid Workplace Playbook - Lions & Tigers",
    "hyper_text": "Very Practical Advice for Proliferating HBU",
    "link": "https://lionsandtigers.com/avoiding-the-all-or-nothing-workplace/#practical-advice"
  },
  {
    "page_title": "Hybrid Workplace Playbook - Lions & Tigers",
    "hyper_text": "How to Convince Your Boss or Peers You Need HBU",
    "link": "https://lionsandtigers.com/avoiding-the-all-or-nothing-workplace/#convince-your-boss"
  },
  {
    "page_title": "Hybrid Workplace Playbook - Lions & Tigers",
    "hyper_text": "The P&L Benefits of a Blended Workforce",
    "link": "https://lionsandtigers.com/avoiding-the-all-or-nothing-workplace/#benefits-of-blended"
  },
  {
    "page_title": "Hybrid Workplace Playbook - Lions & Tigers",
    "hyper_text": "Human Resources vs Procurement: Who Manages the Blended Workforce?",
    "link": "https://lionsandtigers.com/avoiding-the-all-or-nothing-workplace/#hr-procurement"
  },
  {
    "page_title": "Hybrid Workplace Playbook - Lions & Tigers",
    "hyper_text": "A Few Things to Dream About",
    "link": "https://lionsandtigers.com/avoiding-the-all-or-nothing-workplace/#dream"
  },
  {
    "page_title": "Hybrid Workplace Playbook - Lions & Tigers",
    "hyper_text": "Every Org Needs a “Gig Economy”",
    "link": "https://lionsandtigers.com/avoiding-the-all-or-nothing-workplace/#gig-economy"
  },
  {
    "page_title": "Hybrid Workplace Playbook - Lions & Tigers",
    "hyper_text": "Commitments to Diversity are Now Public",
    "link": "https://lionsandtigers.com/avoiding-the-all-or-nothing-workplace/#commitments-to-diversity"
  },
  {
    "page_title": "Hybrid Workplace Playbook - Lions & Tigers",
    "hyper_text": "Portable Benefits for Independent Workers",
    "link": "https://lionsandtigers.com/avoiding-the-all-or-nothing-workplace/#portable-benefits"
  },
  {
    "page_title": "Hybrid Workplace Playbook - Lions & Tigers",
    "hyper_text": "Hybrid & Flex Work Permanence",
    "link": "https://lionsandtigers.com/avoiding-the-all-or-nothing-workplace/#work-permanence"
  },
  {
    "page_title": "Hybrid Workplace Playbook - Lions & Tigers",
    "hyper_text": "In Conclusion",
    "link": "https://lionsandtigers.com/avoiding-the-all-or-nothing-workplace/#conclusion"
  },
  {
    "page_title": "Hybrid Workplace Playbook - Lions & Tigers",
    "hyper_text": "since 75% of American women would go broke while taking 8 weeks of leave",
    "link": "https://www.fatherly.com/news/75-percent-of-moms-would-be-bankrupt-after-8-weeks-of-unpaid-leave"
  },
  {
    "page_title": "Hybrid Workplace Playbook - Lions & Tigers",
    "hyper_text": "business leaders say they are highly committed",
    "link": "https://www.mckinsey.com/featured-insights/diversity-and-inclusion/women-in-the-workplace"
  },
  {
    "page_title": "Hybrid Workplace Playbook - Lions & Tigers",
    "hyper_text": "30-year low.",
    "link": "https://en.wikipedia.org/wiki/Labor_force_in_the_United_States#cite_note-45"
  },
  {
    "page_title": "Hybrid Workplace Playbook - Lions & Tigers",
    "hyper_text": "employees age 30 to 45",
    "link": "https://www.superstaff.com/blog/top-20-great-resignation-statistics/"
  },
  {
    "page_title": "Hybrid Workplace Playbook - Lions & Tigers",
    "hyper_text": "One-third",
    "link": "https://www.latimes.com/politics/story/2021-08-18/pandemic-pushes-moms-to-scale-back-or-quit-their-careers"
  },
  {
    "page_title": "Hybrid Workplace Playbook - Lions & Tigers",
    "hyper_text": "disappeared from the workforce",
    "link": "https://www.fastcompany.com/90848858/women-of-color-are-leaving-the-workforce-and-vanishing-from-unemployment-statistics"
  },
  {
    "page_title": "Hybrid Workplace Playbook - Lions & Tigers",
    "hyper_text": "black female labor participation",
    "link": "https://www.businessinsider.com/black-women-leaving-corporate-america-entreprenurship-startups-2022-12"
  },
  {
    "page_title": "Hybrid Workplace Playbook - Lions & Tigers",
    "hyper_text": "Pew Research Center’s resignation findings",
    "link": "https://www.pewresearch.org/fact-tank/2022/03/09/majority-of-workers-who-quit-a-job-in-2021-cite-low-pay-no-opportunities-for-advancement-feeling-disrespected/"
  },
  {
    "page_title": "Hybrid Workplace Playbook - Lions & Tigers",
    "hyper_text": "McKinsey",
    "link": "https://www.mckinsey.com/capabilities/people-and-organizational-performance/our-insights/great-attrition-or-great-attraction-the-choice-is-yours"
  },
  {
    "page_title": "Hybrid Workplace Playbook - Lions & Tigers",
    "hyper_text": "70 million Americans",
    "link": "https://www.zippia.com/advice/how-many-freelancers-in-the-us/"
  },
  {
    "page_title": "Hybrid Workplace Playbook - Lions & Tigers",
    "hyper_text": "Gallup survey",
    "link": "https://www.gallup.com/workplace/397751/returning-office-current-preferred-future-state-remote-work.aspx"
  },
  {
    "page_title": "Hybrid Workplace Playbook - Lions & Tigers",
    "hyper_text": "research shows",
    "link": "https://www.vox.com/recode/23129752/work-from-home-productivity"
  },
  {
    "page_title": "Hybrid Workplace Playbook - Lions & Tigers",
    "hyper_text": "MITSloan",
    "link": "https://shop.sloanreview.mit.edu/store/workforce-ecosystems-a-new-strategic-approach-to-the-future-of-work"
  },
  {
    "page_title": "Hybrid Workplace Playbook - Lions & Tigers",
    "hyper_text": "A.team",
    "link": "http://www.a.team/"
  },
  {
    "page_title": "Hybrid Workplace Playbook - Lions & Tigers",
    "hyper_text": "HBR, BCG",
    "link": "https://www.hbs.edu/managing-the-future-of-work/Documents/Building_The_On_Demand_Workforce.pdf"
  },
  {
    "page_title": "Hybrid Workplace Playbook - Lions & Tigers",
    "hyper_text": "HBR, BCG",
    "link": "https://www.hbs.edu/managing-the-future-of-work/Documents/Building_The_On_Demand_Workforce.pdf"
  },
  {
    "page_title": "Hybrid Workplace Playbook - Lions & Tigers",
    "hyper_text": "HBR, BCG",
    "link": "https://www.hbs.edu/managing-the-future-of-work/Documents/Building_The_On_Demand_Workforce.pdf"
  },
  {
    "page_title": "Hybrid Workplace Playbook - Lions & Tigers",
    "hyper_text": "HBR, BCG",
    "link": "https://www.hbs.edu/managing-the-future-of-work/Documents/Building_The_On_Demand_Workforce.pdf"
  },
  {
    "page_title": "Hybrid Workplace Playbook - Lions & Tigers",
    "hyper_text": "recently polled",
    "link": "https://www.forbes.com/sites/tracybrower/2022/07/24/burnout-is-a-worldwide-problem-5-ways-work-must-change/?sh=1bbaf3a76c1e"
  },
  {
    "page_title": "Hybrid Workplace Playbook - Lions & Tigers",
    "hyper_text": "Inclusive organizations are six times more likely to be innovative",
    "link": "https://www2.deloitte.com/content/dam/insights/us/articles/4209_Diversity-and-inclusion-revolution/DI_Diversity-and-inclusion-revolution.pdf"
  },
  {
    "page_title": "Hybrid Workplace Playbook - Lions & Tigers",
    "hyper_text": "Dr. Renee St. Jacques",
    "link": "https://www.reneestjacques.com/"
  },
  {
    "page_title": "Hybrid Workplace Playbook - Lions & Tigers",
    "hyper_text": "firms spend",
    "link": "https://stafiz.com/en/why-should-firms-use-blended-workforce"
  },
  {
    "page_title": "Hybrid Workplace Playbook - Lions & Tigers",
    "hyper_text": "FLEX network",
    "link": "https://www.webwire.com/ViewPressRel.asp?aId=242981"
  },
  {
    "page_title": "Hybrid Workplace Playbook - Lions & Tigers",
    "hyper_text": "public version in the Netherlands",
    "link": "https://unileverfreelancers.talent-pool.com/"
  },
  {
    "page_title": "Hybrid Workplace Playbook - Lions & Tigers",
    "hyper_text": "Josh Bersin highlights",
    "link": "https://joshbersin.com/2019/07/the-company-as-a-talent-network-unilever-and-schneider-electric-show-the-way/"
  },
  {
    "page_title": "Hybrid Workplace Playbook - Lions & Tigers",
    "hyper_text": "Jon Younger recently published",
    "link": "https://www.forbes.com/sites/jonyounger/2022/12/01/six-ways-that-freelancers-will-improve-project-team-engagement-and-performance/?sh=45f3f32f1b81"
  },
  {
    "page_title": "Hybrid Workplace Playbook - Lions & Tigers",
    "hyper_text": "public commitment",
    "link": "https://docs.google.com/spreadsheets/d/11OBEAG8yQs3olTDDFwt6PoSy9Lqjk9cWslCc-H_ytyo/edit#gid=0"
  },
  {
    "page_title": "Hybrid Workplace Playbook - Lions & Tigers",
    "hyper_text": "Measure Up initiative",
    "link": "https://www.prnewswire.com/news-releases/fortune-and-refinitiv-encourage-unprecedented-corporate-diversity-disclosure-and-accountability-through-new-measure-up-partnership-301159688.html"
  },
  {
    "page_title": "Hybrid Workplace Playbook - Lions & Tigers",
    "hyper_text": "Diverse company lists like these",
    "link": "https://vervoe.com/most-diverse-companies/"
  },
  {
    "page_title": "Hybrid Workplace Playbook - Lions & Tigers",
    "hyper_text": "inclusive approach to procurement",
    "link": "https://hbr.org/2020/08/why-you-need-a-supplier-diversity-program"
  },
  {
    "page_title": "Hybrid Workplace Playbook - Lions & Tigers",
    "hyper_text": "National Conference of State Legislators",
    "link": "https://www.ncsl.org/research/labor-and-employment/portable-benefits-for-gig-workers.aspx#:~:text=Policymakers%2C%20industry%20innovators%2C%20labor%20organizers,and%20drive%20broader%20economic%20prosperity."
  },
  {
    "page_title": "Hybrid Workplace Playbook - Lions & Tigers",
    "hyper_text": "potential",
    "link": "https://www.aspeninstitute.org/publications/designing-portable-benefits/"
  },
  {
    "page_title": "Hybrid Workplace Playbook - Lions & Tigers",
    "hyper_text": "According to Gallup",
    "link": "https://www.gallup.com/workplace/390632/future-hybrid-work-key-questions-answered-data.aspx"
  },
  {
    "page_title": "Hybrid Workplace Playbook - Lions & Tigers",
    "hyper_text": "enable non-linear days",
    "link": "https://www.bbc.com/worklife/article/20220928-the-non-linear-workdays-changing-the-shape-of-productivity"
  },
  {
    "page_title": "Hybrid Workplace Playbook - Lions & Tigers",
    "hyper_text": "flexible work policy examples",
    "link": "https://www.shrm.org/resourcesandtools/tools-and-samples/policies/pages/cms_000593.aspx#:~:text=Flextime%2C%20in%20which%20an%20employee,leave%20earlier%20in%20the%20afternoon."
  },
  {
    "page_title": "Hybrid Workplace Playbook - Lions & Tigers",
    "hyper_text": "Mercer reports",
    "link": "https://www.mercer.us/content/dam/mercer/attachments/north-america/us/us-2022-inside-employees-minds-infographic.pdf?utm_source=marketo&utm_medium=email&utm_campaign=NSW1&utm_term=rethinking-the-way-we-work-flexible-work-policies&utm_content=newsletter&utm_country=us&adobe_mc=MCMID%3D28544653033654653390475691018962050474%7CMCORGID%3D7205F0F5559E57A87F000101%2540AdobeOrg%7CTS%3D1671228362"
  },
  {
    "page_title": "Hybrid Workplace Playbook - Lions & Tigers",
    "hyper_text": "a pdf version",
    "link": "https://lionsandtigers.com/playbook-download/"
  },
  {
    "page_title": "Hybrid Workplace Playbook - Lions & Tigers",
    "hyper_text": "Reach out to our team",
    "link": "https://lionsandtigers.com/talk-to-us/"
  },
  {
    "page_title": "Hybrid Workplace Playbook - Lions & Tigers",
    "hyper_text": "here",
    "link": "https://lionsandtigers.com/newsletter/"
  },
  {
    "page_title": "Hybrid Workplace Playbook - Lions & Tigers",
    "hyper_text": "Brea on LinkedIn",
    "link": "https://www.linkedin.com/in/breastarmer/"
  },
  {
    "page_title": "Hybrid Workplace Playbook - Lions & Tigers",
    "hyper_text": "our blog",
    "link": "https://lionsandtigers.com/blog/"
  },
  {
    "page_title": "Hybrid Workplace Playbook - Lions & Tigers",
    "hyper_text": "https://www.fatherly.com/news/75-percent-of-moms-would-be-bankrupt-after-8-weeks-of-unpaid-leave",
    "link": "https://www.fatherly.com/news/75-percent-of-moms-would-be-bankrupt-after-8-weeks-of-unpaid-leave"
  },
  {
    "page_title": "Hybrid Workplace Playbook - Lions & Tigers",
    "hyper_text": "www.mckinsey.com/featured-insights/diversity-and-inclusion/women-in-the-workplace",
    "link": "http://www.mckinsey.com/featured-insights/diversity-and-inclusion/women-in-the-workplace"
  },
  {
    "page_title": "Hybrid Workplace Playbook - Lions & Tigers",
    "hyper_text": "https://www.pipelineequity.com/equity-for-all/",
    "link": "https://www.pipelineequity.com/equity-for-all/"
  },
  {
    "page_title": "Hybrid Workplace Playbook - Lions & Tigers",
    "hyper_text": "https://en.wikipedia.org/wiki/Labor_force_in_the_United_States#cite_note-45",
    "link": "https://en.wikipedia.org/wiki/Labor_force_in_the_United_States#cite_note-45"
  },
  {
    "page_title": "Hybrid Workplace Playbook - Lions & Tigers",
    "hyper_text": "https://www.superstaff.com/blog/top-20-great-resignation-statistics/",
    "link": "https://www.superstaff.com/blog/top-20-great-resignation-statistics/"
  },
  {
    "page_title": "Hybrid Workplace Playbook - Lions & Tigers",
    "hyper_text": "https://www.latimes.com/politics/story/2021-08-18/pandemic-pushes-moms-to-scale-back-or-quit-their-careers",
    "link": "https://www.latimes.com/politics/story/2021-08-18/pandemic-pushes-moms-to-scale-back-or-quit-their-careers"
  },
  {
    "page_title": "Hybrid Workplace Playbook - Lions & Tigers",
    "hyper_text": "https://www.fastcompany.com/90848858/women-of-color-are-leaving-the-workforce-and-vanishing-from-unemployment-statistics",
    "link": "https://www.fastcompany.com/90848858/women-of-color-are-leaving-the-workforce-and-vanishing-from-unemployment-statistics"
  },
  {
    "page_title": "Hybrid Workplace Playbook - Lions & Tigers",
    "hyper_text": "https://www.businessinsider.com/black-women-leaving-corporate-america-entreprenurship-startups-2022-12",
    "link": "https://www.businessinsider.com/black-women-leaving-corporate-america-entreprenurship-startups-2022-12"
  },
  {
    "page_title": "Hybrid Workplace Playbook - Lions & Tigers",
    "hyper_text": "https://www.pewresearch.org/fact-tank/2022/03/09/majority-of-workers-who-quit-a-job-in-2021-cite-low-pay-no-opportunities-for-advancement-feeling-disrespected/",
    "link": "https://www.pewresearch.org/fact-tank/2022/03/09/majority-of-workers-who-quit-a-job-in-2021-cite-low-pay-no-opportunities-for-advancement-feeling-disrespected/"
  },
  {
    "page_title": "Hybrid Workplace Playbook - Lions & Tigers",
    "hyper_text": "https://www.mckinsey.com/capabilities/people-andorganizational-performance/our-insights/great-attrition-or-great-attraction-the-choice-is-yours",
    "link": "https://www.mckinsey.com/capabilities/people-andorganizational-performance/our-insights/great-attrition-or-great-attraction-the-choice-is-yours"
  },
  {
    "page_title": "Hybrid Workplace Playbook - Lions & Tigers",
    "hyper_text": "https://www.zippia.com/advice/how-many-freelancers-in-the-us/",
    "link": "https://www.zippia.com/advice/how-many-freelancers-in-the-us/"
  },
  {
    "page_title": "Hybrid Workplace Playbook - Lions & Tigers",
    "hyper_text": "https://www.gallup.com/workplace/397751/returning-office-current-preferred-future-state-remote-work.aspx",
    "link": "https://www.gallup.com/workplace/397751/returning-office-current-preferred-future-state-remote-work.aspx"
  },
  {
    "page_title": "Hybrid Workplace Playbook - Lions & Tigers",
    "hyper_text": "https://www.vox.com/recode/23129752/work-from-home-productivity",
    "link": "https://www.vox.com/recode/23129752/work-from-home-productivity"
  },
  {
    "page_title": "Hybrid Workplace Playbook - Lions & Tigers",
    "hyper_text": "http://www.a.team/",
    "link": "http://www.a.team/"
  },
  {
    "page_title": "Hybrid Workplace Playbook - Lions & Tigers",
    "hyper_text": "https://www.hbs.edu/managing-the-future-of-work/Documents/Building_The_On_Demand_Workforce.pdf",
    "link": "https://www.hbs.edu/managing-the-future-of-work/Documents/Building_The_On_Demand_Workforce.pdf"
  },
  {
    "page_title": "Hybrid Workplace Playbook - Lions & Tigers",
    "hyper_text": "https://www.forbes.com/sites/tracybrower/2022/07/24/burnout-is-a-worldwide-problem-5-ways-work-must-change/?sh=571c6db86c1e",
    "link": "https://www.forbes.com/sites/tracybrower/2022/07/24/burnout-is-a-worldwide-problem-5-ways-work-must-change/?sh=571c6db86c1e"
  },
  {
    "page_title": "Hybrid Workplace Playbook - Lions & Tigers",
    "hyper_text": "https://www2.deloitte.com/content/dam/insights/us/articles/4209_Diversity-and-inclusion-revolution/DI_Diversity-and-inclusion-revolution.pdf",
    "link": "https://www2.deloitte.com/content/dam/insights/us/articles/4209_Diversity-and-inclusion-revolution/DI_Diversity-and-inclusion-revolution.pdf"
  },
  {
    "page_title": "Hybrid Workplace Playbook - Lions & Tigers",
    "hyper_text": "https://www.reneestjacques.com/",
    "link": "https://www.reneestjacques.com/"
  },
  {
    "page_title": "Hybrid Workplace Playbook - Lions & Tigers",
    "hyper_text": "https://stafiz.com/en/why-should-firms-use-blended-workforce",
    "link": "https://stafiz.com/en/why-should-firms-use-blended-workforce"
  },
  {
    "page_title": "Hybrid Workplace Playbook - Lions & Tigers",
    "hyper_text": "https://www.webwire.com/ViewPressRel.asp?aId=242981",
    "link": "https://www.webwire.com/ViewPressRel.asp?aId=242981"
  },
  {
    "page_title": "Hybrid Workplace Playbook - Lions & Tigers",
    "hyper_text": "https://unileverfreelancers.talent-pool.com/",
    "link": "https://unileverfreelancers.talent-pool.com/"
  },
  {
    "page_title": "Hybrid Workplace Playbook - Lions & Tigers",
    "hyper_text": "https://joshbersin.com/2019/07/the-company-as-a-talent-network-unilever-and-schneider-electric-show-the-way/",
    "link": "https://joshbersin.com/2019/07/the-company-as-a-talent-network-unilever-and-schneider-electric-show-the-way/"
  },
  {
    "page_title": "Hybrid Workplace Playbook - Lions & Tigers",
    "hyper_text": "https://www.forbes.com/sites/jonyounger/2022/12/01/six-ways-that-freelancers-will-improve-project-team-engagement-and-performance/?sh=458fcb1a1b81",
    "link": "https://www.forbes.com/sites/jonyounger/2022/12/01/six-ways-that-freelancers-will-improve-project-team-engagement-and-performance/?sh=458fcb1a1b81"
  },
  {
    "page_title": "Hybrid Workplace Playbook - Lions & Tigers",
    "hyper_text": "https://docs.google.com/spreadsheets/d/11OBEAG8yQs3olTDDFwt6PoSy9Lqjk9cWslCc-H_ytyo/edit#gid=0",
    "link": "https://docs.google.com/spreadsheets/d/11OBEAG8yQs3olTDDFwt6PoSy9Lqjk9cWslCc-H_ytyo/edit#gid=0"
  },
  {
    "page_title": "Hybrid Workplace Playbook - Lions & Tigers",
    "hyper_text": "https://www.prnewswire.com/news-releases/fortune-and-refinitiv-encourage-unprecedented-corporate-diversity-disclosure-and-accountability-through-new-measure-up-partnership-301159688.html",
    "link": "https://www.prnewswire.com/news-releases/fortune-and-refinitiv-encourage-unprecedented-corporate-diversity-disclosure-and-accountability-through-new-measure-up-partnership-301159688.html"
  },
  {
    "page_title": "Hybrid Workplace Playbook - Lions & Tigers",
    "hyper_text": "https://vervoe.com/most-diverse-companies/",
    "link": "https://vervoe.com/most-diverse-companies/"
  },
  {
    "page_title": "Hybrid Workplace Playbook - Lions & Tigers",
    "hyper_text": "https://hbr.org/2020/08/why-you-need-a-supplier-diversity-program",
    "link": "https://hbr.org/2020/08/why-you-need-a-supplier-diversity-program"
  },
  {
    "page_title": "Hybrid Workplace Playbook - Lions & Tigers",
    "hyper_text": "https://www.ncsl.org/labor-and-employment/portable-benefits-for-gig-workers#:~:text=Policymakers%2C%20industry%20innovators%2C%20labor%20organizers,and%20drive%20broader%20economic%20prosperity.",
    "link": "https://www.ncsl.org/labor-and-employment/portable-benefits-for-gig-workers%23:~:text=Policymakers%2C%20industry%20innovators%2C%20labor%20organizers,and%20drive%20broader%20economic%20prosperity"
  },
  {
    "page_title": "Hybrid Workplace Playbook - Lions & Tigers",
    "hyper_text": "https://www.gallup.com/workplace/390632/future-hybrid-work-key-questions-answered-data.aspx",
    "link": "https://www.gallup.com/workplace/390632/future-hybrid-work-key-questions-answered-data.aspx"
  },
  {
    "page_title": "Hybrid Workplace Playbook - Lions & Tigers",
    "hyper_text": "https://www.bbc.com/worklife/article/20220928-the-non-linear-workdays-changing-the-shape-of-productivity: https://www.bbc.com/worklife/article/20220928-the-non-linear-workdays-changing-the-shape-of-productivity",
    "link": "https://www.bbc.com/worklife/article/20220928-the-non-linear-workdays-changing-the-shape-of-productivity:%20https:/www.bbc.com/worklife/article/20220928-the-non-linear-workdays-changing-the-shape-of-productivity"
  },
  {
    "page_title": "Hybrid Workplace Playbook - Lions & Tigers",
    "hyper_text": "https://www.shrm.org/resourcesandtools/tools-and-samples/policies/pages/cms_000593.aspx#:~:text=Flextime%2C%20in%20which%20an%20employee,leave%20earlier%20in%20the%20afternoon.",
    "link": "https://www.shrm.org/resourcesandtools/tools-and-samples/policies/pages/cms_000593.aspx%23:~:text=Flextime%2C%20in%20which%20an%20employee,leave%20earlier%20in%20the%20afternoon."
  },
  {
    "page_title": "Hybrid Workplace Playbook - Lions & Tigers",
    "hyper_text": "https://www.mercer.us/content/dam/mercer/attachments/north-america/us/us-2022-inside-employees-minds-infographic.pdf",
    "link": "https://www.mercer.us/content/dam/mercer/attachments/north-america/us/us-2022-inside-employees-minds-infographic.pdf"
  },
  {
    "page_title": "Hybrid Workplace Playbook - Lions & Tigers",
    "hyper_text": "Follow",
    "link": "https://www.linkedin.com/company/lionsandtigers"
  },
  {
    "page_title": "Hybrid Workplace Playbook - Lions & Tigers",
    "hyper_text": "Follow",
    "link": "https://twitter.com/lionstigersco"
  },
  {
    "page_title": "Hybrid Workplace Playbook - Lions & Tigers",
    "hyper_text": "Follow",
    "link": "https://www.instagram.com/lionstigersco/"
  },
  {
    "page_title": "Hybrid Workplace Playbook - Lions & Tigers",
    "hyper_text": "Follow",
    "link": "https://www.youtube.com/@lionstigersco"
  },
  {
    "page_title": "Hybrid Workplace Playbook - Lions & Tigers",
    "hyper_text": "Talk to Us",
    "link": "https://lionsandtigers.com/talk-to-us/"
  },
  {
    "page_title": "Hybrid Workplace Playbook - Lions & Tigers",
    "hyper_text": "Our Story",
    "link": "https://lionsandtigers.com/our-story/"
  },
  {
    "page_title": "Hybrid Workplace Playbook - Lions & Tigers",
    "hyper_text": "Why Now",
    "link": "https://lionsandtigers.com/why-now/"
  },
  {
    "page_title": "Hybrid Workplace Playbook - Lions & Tigers",
    "hyper_text": "Join Our Team",
    "link": "https://lionsandtigers.com/join-our-team/"
  },
  {
    "page_title": "Hybrid Workplace Playbook - Lions & Tigers",
    "hyper_text": "Solutions",
    "link": "https://lionsandtigers.com/solutions/"
  },
  {
    "page_title": "Hybrid Workplace Playbook - Lions & Tigers",
    "hyper_text": "Hybrid Workplace Playbook",
    "link": "https://lionsandtigers.com/avoiding-the-all-or-nothing-workplace/"
  },
  {
    "page_title": "Hybrid Workplace Playbook - Lions & Tigers",
    "hyper_text": "Blog",
    "link": "https://lionsandtigers.com/blog/"
  },
  {
    "page_title": "Hybrid Workplace Playbook - Lions & Tigers",
    "hyper_text": "Media",
    "link": "https://lionsandtigers.com/media/"
  },
  {
    "page_title": "Hybrid Workplace Playbook - Lions & Tigers",
    "hyper_text": "General Inquiries",
    "link": "https://lionsandtigers.com/general-inquiries/"
  },
  {
    "page_title": "Hybrid Workplace Playbook - Lions & Tigers",
    "hyper_text": "Our Story",
    "link": "https://lionsandtigers.com/our-story/"
  },
  {
    "page_title": "Hybrid Workplace Playbook - Lions & Tigers",
    "hyper_text": "Why Now",
    "link": "https://lionsandtigers.com/why-now/"
  },
  {
    "page_title": "Hybrid Workplace Playbook - Lions & Tigers",
    "hyper_text": "Join Our Team",
    "link": "https://lionsandtigers.com/join-our-team/"
  },
  {
    "page_title": "Hybrid Workplace Playbook - Lions & Tigers",
    "hyper_text": "DEI",
    "link": "https://lionsandtigers.com/dei/"
  },
  {
    "page_title": "Hybrid Workplace Playbook - Lions & Tigers",
    "hyper_text": "Working Together",
    "link": "https://lionsandtigers.com/solutions/#working-together"
  },
  {
    "page_title": "Hybrid Workplace Playbook - Lions & Tigers",
    "hyper_text": "Engagement Model",
    "link": "https://lionsandtigers.com/solutions/#engagement-model"
  },
  {
    "page_title": "Hybrid Workplace Playbook - Lions & Tigers",
    "hyper_text": "Capabilities & Skillsets",
    "link": "https://lionsandtigers.com/solutions/#capabilities-skillsets"
  },
  {
    "page_title": "Hybrid Workplace Playbook - Lions & Tigers",
    "hyper_text": "Case Studies",
    "link": "https://lionsandtigers.com/solutions/#client-stories"
  },
  {
    "page_title": "Hybrid Workplace Playbook - Lions & Tigers",
    "hyper_text": "Hybrid Workplace Playbook",
    "link": "https://lionsandtigers.com/avoiding-the-all-or-nothing-workplace/"
  },
  {
    "page_title": "Hybrid Workplace Playbook - Lions & Tigers",
    "hyper_text": "Blog",
    "link": "https://lionsandtigers.com/blog/"
  },
  {
    "page_title": "Hybrid Workplace Playbook - Lions & Tigers",
    "hyper_text": "Media",
    "link": "https://lionsandtigers.com/media/"
  },
  {
    "page_title": "Hybrid Workplace Playbook - Lions & Tigers",
    "hyper_text": "General Inquiries",
    "link": "https://lionsandtigers.com/general-inquiries/"
  },
  {
    "page_title": "Hybrid Workplace Playbook - Lions & Tigers",
    "hyper_text": "Privacy Policy",
    "link": "https://lionsandtigers.com/privacy-policy/"
  },
  {
    "page_title": "Hybrid Workplace Playbook - Lions & Tigers",
    "hyper_text": "Follow",
    "link": "https://www.linkedin.com/company/lionsandtigers"
  },
  {
    "page_title": "Hybrid Workplace Playbook - Lions & Tigers",
    "hyper_text": "Follow",
    "link": "https://twitter.com/lionstigersco"
  },
  {
    "page_title": "Hybrid Workplace Playbook - Lions & Tigers",
    "hyper_text": "Follow",
    "link": "https://www.instagram.com/lionstigersco/"
  },
  {
    "page_title": "Hybrid Workplace Playbook - Lions & Tigers",
    "hyper_text": "Follow",
    "link": "https://www.youtube.com/@lionstigersco"
  }
]