[
  {
    "page_title": "Live Stock – Dayzee",
    "hyper_text": "Skip to content",
    "link": "https://dayzee.com/live-stock/#content"
  },
  {
    "page_title": "Live Stock – Dayzee",
    "hyper_text": "About Us",
    "link": "https://dayzee.com/about/"
  },
  {
    "page_title": "Live Stock – Dayzee",
    "hyper_text": "Livestock",
    "link": "https://dayzee.com/live-stock/"
  },
  {
    "page_title": "Live Stock – Dayzee",
    "hyper_text": "Agriculture",
    "link": "https://dayzee.com/agriculture/"
  },
  {
    "page_title": "Live Stock – Dayzee",
    "hyper_text": "Renewable Energy",
    "link": "https://dayzee.com/renewable-energy/"
  },
  {
    "page_title": "Live Stock – Dayzee",
    "hyper_text": "Gallery",
    "link": "https://dayzee.com/gallery/"
  },
  {
    "page_title": "Live Stock – Dayzee",
    "hyper_text": "Contact Us",
    "link": "https://dayzee.com/contact-us/"
  },
  {
    "page_title": "Live Stock – Dayzee",
    "hyper_text": "About Us",
    "link": "https://dayzee.com/about/"
  },
  {
    "page_title": "Live Stock – Dayzee",
    "hyper_text": "Livestock",
    "link": "https://dayzee.com/live-stock/"
  },
  {
    "page_title": "Live Stock – Dayzee",
    "hyper_text": "Agriculture",
    "link": "https://dayzee.com/agriculture/"
  },
  {
    "page_title": "Live Stock – Dayzee",
    "hyper_text": "Renewable Energy",
    "link": "https://dayzee.com/renewable-energy/"
  },
  {
    "page_title": "Live Stock – Dayzee",
    "hyper_text": "Gallery",
    "link": "https://dayzee.com/gallery/"
  },
  {
    "page_title": "Live Stock – Dayzee",
    "hyper_text": "Contact Us",
    "link": "https://dayzee.com/contact-us/"
  },
  {
    "page_title": "Live Stock – Dayzee",
    "hyper_text": "About Us",
    "link": "https://dayzee.com/about/"
  },
  {
    "page_title": "Live Stock – Dayzee",
    "hyper_text": "Livestock",
    "link": "https://dayzee.com/live-stock/"
  },
  {
    "page_title": "Live Stock – Dayzee",
    "hyper_text": "Agriculture",
    "link": "https://dayzee.com/agriculture/"
  },
  {
    "page_title": "Live Stock – Dayzee",
    "hyper_text": "Renewable Energy",
    "link": "https://dayzee.com/renewable-energy/"
  },
  {
    "page_title": "Live Stock – Dayzee",
    "hyper_text": "Gallery",
    "link": "https://dayzee.com/gallery/"
  },
  {
    "page_title": "Live Stock – Dayzee",
    "hyper_text": "Contact Us",
    "link": "https://dayzee.com/contact-us/"
  },
  {
    "page_title": "Live Stock – Dayzee",
    "hyper_text": "About Us",
    "link": "https://dayzee.com/about/"
  },
  {
    "page_title": "Live Stock – Dayzee",
    "hyper_text": "Livestock",
    "link": "https://dayzee.com/live-stock/"
  },
  {
    "page_title": "Live Stock – Dayzee",
    "hyper_text": "Agriculture",
    "link": "https://dayzee.com/agriculture/"
  },
  {
    "page_title": "Live Stock – Dayzee",
    "hyper_text": "Renewable Energy",
    "link": "https://dayzee.com/renewable-energy/"
  },
  {
    "page_title": "Live Stock – Dayzee",
    "hyper_text": "Gallery",
    "link": "https://dayzee.com/gallery/"
  },
  {
    "page_title": "Live Stock – Dayzee",
    "hyper_text": "Contact Us",
    "link": "https://dayzee.com/contact-us/"
  },
  {
    "page_title": "Live Stock – Dayzee",
    "hyper_text": "Request Semen/Embryo",
    "link": "tel:+923314476666"
  },
  {
    "page_title": "Live Stock – Dayzee",
    "hyper_text": "Book a Consultation",
    "link": "tel:+923314431111"
  },
  {
    "page_title": "Live Stock – Dayzee",
    "hyper_text": "Book OPU of your cow now",
    "link": "tel:+923314431111"
  },
  {
    "page_title": "Live Stock – Dayzee",
    "hyper_text": "Book OPU Now",
    "link": "tel:+92314431111"
  },
  {
    "page_title": "Live Stock – Dayzee",
    "hyper_text": "Brahman Catalogue",
    "link": "https://dayzee.com/wp-content/uploads/2025/09/American-Brahmans.pdf"
  },
  {
    "page_title": "Live Stock – Dayzee",
    "hyper_text": "Slick-Gene Friesian Catalogue",
    "link": "https://dayzee.com/wp-content/uploads/2025/09/Slick-Gene.pdf"
  },
  {
    "page_title": "Live Stock – Dayzee",
    "hyper_text": "Beefmaster Catalogue",
    "link": "https://dayzee.com/wp-content/uploads/2025/09/Beef-Master.pdf"
  },
  {
    "page_title": "Live Stock – Dayzee",
    "hyper_text": "Red Angus Catalogue",
    "link": "https://dayzee.com/wp-content/uploads/2025/09/Red-Angus.pdf"
  },
  {
    "page_title": "Live Stock – Dayzee",
    "hyper_text": "American Brahman Catalogue",
    "link": "https://dayzee.com/wp-content/uploads/2025/09/American-Brahmans.pdf"
  },
  {
    "page_title": "Live Stock – Dayzee",
    "hyper_text": "Slick Gene Frisien Catalogue",
    "link": "https://dayzee.com/wp-content/uploads/2025/09/Slick-Gene.pdf"
  },
  {
    "page_title": "Live Stock – Dayzee",
    "hyper_text": "Beefmaster Catalogue",
    "link": "https://dayzee.com/wp-content/uploads/2025/09/Beef-Master.pdf"
  },
  {
    "page_title": "Live Stock – Dayzee",
    "hyper_text": "Red Angus Catalogue",
    "link": "https://dayzee.com/wp-content/uploads/2025/09/Red-Angus.pdf"
  },
  {
    "page_title": "Live Stock – Dayzee",
    "hyper_text": "Watch Now on Youtube",
    "link": "https://youtu.be/onr1r1d5sMQ?si=xUzEGMC-z_rTKtzG"
  },
  {
    "page_title": "Live Stock – Dayzee",
    "hyper_text": "Watch Now on Youtube",
    "link": "https://youtu.be/onr1r1d5sMQ?si=xUzEGMC-z_rTKtzG"
  },
  {
    "page_title": "Live Stock – Dayzee",
    "hyper_text": "Subscribe to our channel",
    "link": "https://www.youtube.com/@DayZeeFarms"
  },
  {
    "page_title": "Live Stock – Dayzee",
    "hyper_text": "Home",
    "link": "https://dayzee.com/"
  },
  {
    "page_title": "Live Stock – Dayzee",
    "hyper_text": "Services",
    "link": "https://dayzee.com/service/"
  },
  {
    "page_title": "Live Stock – Dayzee",
    "hyper_text": "Gallery",
    "link": "https://dayzee.com/gallery/"
  },
  {
    "page_title": "Live Stock – Dayzee",
    "hyper_text": "About Us",
    "link": "https://dayzee.com/about/"
  },
  {
    "page_title": "Live Stock – Dayzee",
    "hyper_text": "Contact Us",
    "link": "https://dayzee.com/contact-us/"
  },
  {
    "page_title": "Live Stock – Dayzee",
    "hyper_text": "FAQs",
    "link": "https://dayzee.com/faqs"
  },
  {
    "page_title": "Live Stock – Dayzee",
    "hyper_text": "Facebook",
    "link": "https://www.facebook.com/dayzeepvtltd"
  },
  {
    "page_title": "Live Stock – Dayzee",
    "hyper_text": "Tik Tok",
    "link": "https://www.tiktok.com/@dayzee.pvt.ltd"
  },
  {
    "page_title": "Live Stock – Dayzee",
    "hyper_text": "Instagram",
    "link": "https://www.instagram.com/dayzee_pvt_ltd/"
  },
  {
    "page_title": "Live Stock – Dayzee",
    "hyper_text": "Youtube",
    "link": "https://www.youtube.com/@DayZee_Pvt_Ltd"
  },
  {
    "page_title": "Live Stock – Dayzee",
    "hyper_text": "Home",
    "link": "https://dayzee.com/"
  },
  {
    "page_title": "Live Stock – Dayzee",
    "hyper_text": "Services",
    "link": "https://dayzee.com/service/"
  },
  {
    "page_title": "Live Stock – Dayzee",
    "hyper_text": "Blogs",
    "link": "https://dayzee.com/live-stock/"
  },
  {
    "page_title": "Live Stock – Dayzee",
    "hyper_text": "Gallery",
    "link": "https://dayzee.com/gallery/"
  },
  {
    "page_title": "Live Stock – Dayzee",
    "hyper_text": "About Us",
    "link": "https://dayzee.com/about/"
  },
  {
    "page_title": "Live Stock – Dayzee",
    "hyper_text": "Contact Us",
    "link": "https://dayzee.com/contact-us/"
  },
  {
    "page_title": "Live Stock – Dayzee",
    "hyper_text": "FAQs",
    "link": "https://dayzee.com/faqs"
  },
  {
    "page_title": "Live Stock – Dayzee",
    "hyper_text": "Facebook",
    "link": "https://www.facebook.com/dayzeefarm"
  },
  {
    "page_title": "Live Stock – Dayzee",
    "hyper_text": "Tik Tok",
    "link": "https://www.tiktok.com/@dayzee.pvt.ltd"
  },
  {
    "page_title": "Live Stock – Dayzee",
    "hyper_text": "Instagram",
    "link": "https://www.instagram.com/dayzeefarms/"
  },
  {
    "page_title": "Live Stock – Dayzee",
    "hyper_text": "Youtube",
    "link": "https://www.youtube.com/@DayZeeFarms"
  },
  {
    "page_title": "Live Stock – Dayzee",
    "hyper_text": "DayZee",
    "link": "https://dayzee.com/"
  },
  {
    "page_title": "Live Stock – Dayzee",
    "hyper_text": "DayZee",
    "link": "https://dayzee.com/"
  }
]